Company_Size,Maint_Strategy,EVs_%,Trucks_%,Breakdowns_Year,Annual_Maint_Cost,AI_Adoption,Key_Benefits
Medium,Reactive,27,17,2-4,1000-5000,Highly Interested,"Better asset utilization, Regulatory compliance"
Large,Scheduled,6,14,8+,1000-5000,Not Interested,"Reduced downtime, Sustainability gains, Lower costs"
Medium,Predictive,34,69,8+,1000-5000,Using,"Better asset utilization, Regulatory compliance"
Medium,Scheduled,54,10,2-4,10001+,Highly Interested,"Lower costs, Sustainability gains"
Small,Predictive,27,45,5-7,1000-5000,Highly Interested,"Better asset utilization, Regulatory compliance"
Small,Scheduled,13,44,2-4,5001-10000,Highly Interested,"Reduced downtime, Lower costs"
Small,Scheduled,55,75,2-4,1000-5000,Highly Interested,"Lower costs, Sustainability gains"
Large,Predictive,9,72,0-1,5001-10000,Highly Interested,"Lower costs, Sustainability gains"
Medium,Reactive,15,32,2-4,1000-5000,Highly Interested,"Better asset utilization, Regulatory compliance"
Medium,Scheduled,15,18,2-4,1000-5000,Highly Interested,"Lower costs, Sustainability gains"
Small,Reactive,53,43,2-4,5001-10000,Highly Interested,"Reduced downtime, Sustainability gains, Lower costs"
Large,Predictive,30,55,2-4,5001-10000,Highly Interested,"Reduced downtime, Lower costs"
Large,Predictive,41,13,5-7,5001-10000,Somewhat,"Better asset utilization, Regulatory compliance"
Small,Reactive,24,39,2-4,<1000,Highly Interested,"Better asset utilization, Regulatory compliance"
Small,Scheduled,12,12,2-4,5001-10000,Highly Interested,"Lower costs, Sustainability gains"
Small,Predictive,5,23,2-4,1000-5000,Highly Interested,"Reduced downtime, Sustainability gains, Lower costs"
Small,Reactive,43,69,2-4,1000-5000,Not Interested,"Lower costs, Sustainability gains"
Medium,Scheduled,8,54,2-4,1000-5000,Not Interested,"Lower costs, Sustainability gains"
Medium,Predictive,44,43,2-4,1000-5000,Somewhat,"Better asset utilization, Regulatory compliance"
Small,Reactive,35,54,2-4,1000-5000,Highly Interested,"Lower costs, Sustainability gains"
Medium,Scheduled,55,70,2-4,10001+,Using,"Reduced downtime, Lower costs"
Small,Reactive,42,25,2-4,1000-5000,Highly Interested,"Lower costs, Sustainability gains"
Small,Predictive,19,75,2-4,5001-10000,Highly Interested,"Lower costs, Sustainability gains"
Medium,Predictive,17,49,2-4,1000-5000,Highly Interested,"Better asset utilization, Regulatory compliance"
Medium,Predictive,57,26,2-4,1000-5000,Somewhat,"Lower costs, Sustainability gains"
Medium,Scheduled,42,43,2-4,1000-5000,Somewhat,"Reduced downtime, Sustainability gains, Lower costs"
Small,Predictive,56,25,5-7,10001+,Somewhat,"Better asset utilization, Regulatory compliance"
Medium,Predictive,20,69,2-4,5001-10000,Highly Interested,"Lower costs, Sustainability gains"
Medium,Reactive,3,75,0-1,10001+,Somewhat,"Reduced downtime, Lower costs"
Small,Predictive,49,75,5-7,10001+,Highly Interested,"Reduced downtime, Lower costs"
Medium,Reactive,32,22,2-4,1000-5000,Using,"Better asset utilization, Regulatory compliance"
Small,Scheduled,26,65,2-4,1000-5000,Somewhat,"Better asset utilization, Regulatory compliance"
Small,Reactive,6,40,5-7,5001-10000,Using,"Lower costs, Sustainability gains"
Large,Reactive,5,43,5-7,1000-5000,Highly Interested,"Reduced downtime, Sustainability gains, Lower costs"
Large,Reactive,14,48,8+,1000-5000,Highly Interested,"Lower costs, Sustainability gains"
Large,Scheduled,17,76,2-4,1000-5000,Somewhat,"Reduced downtime, Lower costs"
Small,Reactive,31,17,2-4,1000-5000,Somewhat,"Reduced downtime, Sustainability gains, Lower costs"
Small,Scheduled,55,64,2-4,1000-5000,Highly Interested,"Reduced downtime, Sustainability gains, Lower costs"
Medium,Reactive,10,36,2-4,1000-5000,Somewhat,"Reduced downtime, Sustainability gains, Lower costs"
Medium,Reactive,19,62,2-4,1000-5000,Highly Interested,"Lower costs, Sustainability gains"
Small,Scheduled,23,48,2-4,1000-5000,Highly Interested,"Reduced downtime, Lower costs"
Medium,Scheduled,14,74,5-7,1000-5000,Somewhat,"Better asset utilization, Regulatory compliance"
Small,Reactive,47,26,2-4,1000-5000,Somewhat,"Lower costs, Sustainability gains"
Large,Scheduled,6,39,2-4,5001-10000,Not Interested,"Better asset utilization, Regulatory compliance"
Small,Predictive,20,62,2-4,<1000,Highly Interested,"Reduced downtime, Sustainability gains, Lower costs"
Medium,Scheduled,41,22,0-1,1000-5000,Highly Interested,"Reduced downtime, Sustainability gains, Lower costs"
Small,Reactive,25,30,0-1,5001-10000,Highly Interested,"Lower costs, Sustainability gains"
Medium,Reactive,43,28,2-4,1000-5000,Not Interested,"Reduced downtime, Lower costs"
Medium,Predictive,55,62,0-1,1000-5000,Highly Interested,"Reduced downtime, Sustainability gains, Lower costs"
Small,Reactive,13,28,2-4,5001-10000,Somewhat,"Better asset utilization, Regulatory compliance"
Large,Predictive,56,66,5-7,1000-5000,Highly Interested,"Better asset utilization, Regulatory compliance"
Medium,Scheduled,36,34,5-7,5001-10000,Highly Interested,"Lower costs, Sustainability gains"
Large,Predictive,57,40,2-4,5001-10000,Highly Interested,"Better asset utilization, Regulatory compliance"
Large,Scheduled,20,64,2-4,5001-10000,Highly Interested,"Reduced downtime, Lower costs"
Medium,Predictive,17,32,5-7,1000-5000,Highly Interested,"Reduced downtime, Sustainability gains, Lower costs"
Large,Scheduled,4,41,5-7,1000-5000,Somewhat,"Better asset utilization, Regulatory compliance"
Small,Scheduled,2,71,2-4,1000-5000,Highly Interested,"Better asset utilization, Regulatory compliance"
Small,Scheduled,22,19,2-4,1000-5000,Highly Interested,"Reduced downtime, Sustainability gains, Lower costs"
Small,Scheduled,25,63,2-4,1000-5000,Highly Interested,"Lower costs, Sustainability gains"
Small,Scheduled,36,61,5-7,1000-5000,Using,"Better asset utilization, Regulatory compliance"
Medium,Predictive,23,29,8+,1000-5000,Highly Interested,"Lower costs, Sustainability gains"
Small,Predictive,48,41,0-1,<1000,Highly Interested,"Lower costs, Sustainability gains"
Large,Scheduled,18,23,5-7,1000-5000,Highly Interested,"Better asset utilization, Regulatory compliance"
Medium,Scheduled,50,59,2-4,1000-5000,Highly Interested,"Reduced downtime, Lower costs"
Small,Scheduled,24,37,8+,5001-10000,Highly Interested,"Lower costs, Sustainability gains"
Medium,Scheduled,20,62,2-4,<1000,Highly Interested,"Better asset utilization, Regulatory compliance"
Small,Reactive,11,33,5-7,1000-5000,Highly Interested,"Lower costs, Sustainability gains"
Large,Reactive,56,31,0-1,10001+,Highly Interested,"Reduced downtime, Sustainability gains, Lower costs"
Small,Scheduled,40,39,2-4,1000-5000,Highly Interested,"Reduced downtime, Lower costs"
Large,Reactive,32,72,0-1,1000-5000,Not Interested,"Reduced downtime, Lower costs"
Medium,Reactive,49,13,8+,<1000,Somewhat,"Reduced downtime, Sustainability gains, Lower costs"
Small,Reactive,52,68,5-7,5001-10000,Somewhat,"Reduced downtime, Sustainability gains, Lower costs"
Small,Reactive,3,17,5-7,1000-5000,Using,"Lower costs, Sustainability gains"
Large,Reactive,41,21,5-7,1000-5000,Somewhat,"Reduced downtime, Sustainability gains, Lower costs"
Medium,Predictive,56,40,0-1,1000-5000,Somewhat,"Reduced downtime, Lower costs"
Medium,Scheduled,6,43,2-4,5001-10000,Somewhat,"Reduced downtime, Sustainability gains, Lower costs"
Medium,Scheduled,21,58,0-1,1000-5000,Using,"Better asset utilization, Regulatory compliance"
Small,Scheduled,54,66,2-4,<1000,Highly Interested,"Better asset utilization, Regulatory compliance"
Medium,Reactive,32,35,2-4,5001-10000,Somewhat,"Lower costs, Sustainability gains"
Small,Predictive,16,27,2-4,1000-5000,Highly Interested,"Reduced downtime, Lower costs"
Large,Scheduled,23,47,2-4,5001-10000,Highly Interested,"Better asset utilization, Regulatory compliance"
Medium,Reactive,33,59,0-1,1000-5000,Highly Interested,"Reduced downtime, Sustainability gains, Lower costs"
Small,Scheduled,27,17,2-4,5001-10000,Highly Interested,"Better asset utilization, Regulatory compliance"
Small,Predictive,57,50,0-1,1000-5000,Using,"Better asset utilization, Regulatory compliance"
Small,Predictive,42,15,8+,5001-10000,Highly Interested,"Lower costs, Sustainability gains"
Small,Scheduled,40,78,5-7,10001+,Using,"Reduced downtime, Sustainability gains, Lower costs"
Medium,Scheduled,38,53,8+,1000-5000,Highly Interested,"Reduced downtime, Sustainability gains, Lower costs"
Medium,Reactive,21,73,2-4,1000-5000,Highly Interested,"Reduced downtime, Sustainability gains, Lower costs"
Large,Predictive,48,38,2-4,1000-5000,Highly Interested,"Lower costs, Sustainability gains"
Medium,Reactive,16,37,5-7,1000-5000,Highly Interested,"Reduced downtime, Sustainability gains, Lower costs"
Small,Predictive,33,20,2-4,1000-5000,Somewhat,"Reduced downtime, Sustainability gains, Lower costs"
Medium,Scheduled,5,74,2-4,1000-5000,Somewhat,"Better asset utilization, Regulatory compliance"
Medium,Scheduled,45,28,2-4,1000-5000,Highly Interested,"Better asset utilization, Regulatory compliance"
Medium,Scheduled,5,18,0-1,1000-5000,Using,"Reduced downtime, Sustainability gains, Lower costs"
Medium,Reactive,33,36,2-4,1000-5000,Highly Interested,"Reduced downtime, Lower costs"
Medium,Reactive,0,43,2-4,5001-10000,Somewhat,"Reduced downtime, Lower costs"
Medium,Reactive,9,53,2-4,<1000,Highly Interested,"Reduced downtime, Sustainability gains, Lower costs"
Medium,Reactive,20,77,0-1,<1000,Highly Interested,"Reduced downtime, Lower costs"
Small,Scheduled,4,24,2-4,1000-5000,Using,"Lower costs, Sustainability gains"
Small,Scheduled,1,60,5-7,1000-5000,Highly Interested,"Better asset utilization, Regulatory compliance"
Small,Reactive,21,22,0-1,1000-5000,Somewhat,"Lower costs, Sustainability gains"
Medium,Predictive,47,58,2-4,1000-5000,Somewhat,"Better asset utilization, Regulatory compliance"
Small,Predictive,56,79,5-7,1000-5000,Highly Interested,"Reduced downtime, Lower costs"
Medium,Predictive,1,65,2-4,5001-10000,Using,"Reduced downtime, Lower costs"
Large,Predictive,9,60,0-1,<1000,Using,"Reduced downtime, Sustainability gains, Lower costs"
Small,Reactive,33,46,2-4,5001-10000,Using,"Reduced downtime, Lower costs"
Medium,Scheduled,15,26,2-4,5001-10000,Highly Interested,"Reduced downtime, Lower costs"
Medium,Scheduled,47,67,2-4,5001-10000,Highly Interested,"Reduced downtime, Sustainability gains, Lower costs"
Small,Scheduled,50,38,5-7,10001+,Highly Interested,"Reduced downtime, Sustainability gains, Lower costs"
Small,Reactive,38,42,0-1,<1000,Highly Interested,"Better asset utilization, Regulatory compliance"
Small,Predictive,21,69,2-4,1000-5000,Not Interested,"Reduced downtime, Lower costs"
Small,Reactive,11,64,2-4,5001-10000,Highly Interested,"Better asset utilization, Regulatory compliance"
Large,Reactive,23,19,0-1,1000-5000,Somewhat,"Better asset utilization, Regulatory compliance"
Large,Scheduled,46,56,2-4,1000-5000,Somewhat,"Lower costs, Sustainability gains"
Medium,Scheduled,39,32,2-4,5001-10000,Using,"Reduced downtime, Lower costs"
Large,Scheduled,37,30,2-4,5001-10000,Somewhat,"Reduced downtime, Lower costs"
Large,Reactive,59,22,0-1,10001+,Highly Interested,"Lower costs, Sustainability gains"
Small,Predictive,58,42,2-4,10001+,Highly Interested,"Better asset utilization, Regulatory compliance"
Large,Reactive,9,33,2-4,5001-10000,Highly Interested,"Reduced downtime, Lower costs"
Medium,Reactive,34,20,5-7,1000-5000,Not Interested,"Better asset utilization, Regulatory compliance"
Large,Predictive,50,26,0-1,5001-10000,Highly Interested,"Lower costs, Sustainability gains"
Large,Predictive,48,77,2-4,<1000,Highly Interested,"Reduced downtime, Sustainability gains, Lower costs"
Small,Predictive,31,56,2-4,1000-5000,Not Interested,"Better asset utilization, Regulatory compliance"
Small,Predictive,6,34,2-4,5001-10000,Using,"Reduced downtime, Lower costs"
Small,Scheduled,20,30,2-4,1000-5000,Somewhat,"Reduced downtime, Sustainability gains, Lower costs"
Medium,Scheduled,19,21,2-4,1000-5000,Somewhat,"Better asset utilization, Regulatory compliance"
Large,Reactive,25,46,5-7,1000-5000,Somewhat,"Better asset utilization, Regulatory compliance"
Large,Scheduled,3,51,5-7,5001-10000,Not Interested,"Reduced downtime, Sustainability gains, Lower costs"
Small,Scheduled,45,26,2-4,1000-5000,Not Interested,"Reduced downtime, Sustainability gains, Lower costs"
Medium,Reactive,51,57,2-4,5001-10000,Using,"Reduced downtime, Sustainability gains, Lower costs"
Medium,Scheduled,21,37,5-7,1000-5000,Somewhat,"Reduced downtime, Lower costs"
Small,Scheduled,14,50,8+,5001-10000,Highly Interested,"Reduced downtime, Lower costs"
Small,Reactive,55,56,5-7,5001-10000,Highly Interested,"Better asset utilization, Regulatory compliance"
Small,Reactive,39,27,2-4,1000-5000,Highly Interested,"Better asset utilization, Regulatory compliance"
Large,Scheduled,20,22,2-4,1000-5000,Highly Interested,"Lower costs, Sustainability gains"
Small,Reactive,14,22,2-4,1000-5000,Not Interested,"Reduced downtime, Lower costs"
Medium,Predictive,21,40,2-4,10001+,Not Interested,"Better asset utilization, Regulatory compliance"
Medium,Scheduled,51,11,2-4,5001-10000,Highly Interested,"Reduced downtime, Sustainability gains, Lower costs"
Medium,Scheduled,27,25,2-4,10001+,Using,"Reduced downtime, Sustainability gains, Lower costs"
Large,Scheduled,13,18,5-7,1000-5000,Highly Interested,"Reduced downtime, Lower costs"
Large,Predictive,26,47,2-4,5001-10000,Somewhat,"Reduced downtime, Sustainability gains, Lower costs"
Small,Reactive,40,63,5-7,5001-10000,Somewhat,"Lower costs, Sustainability gains"
Medium,Scheduled,39,65,2-4,5001-10000,Highly Interested,"Better asset utilization, Regulatory compliance"
Small,Scheduled,57,54,2-4,10001+,Using,"Better asset utilization, Regulatory compliance"
Small,Reactive,27,43,2-4,1000-5000,Highly Interested,"Better asset utilization, Regulatory compliance"
Small,Predictive,25,18,5-7,1000-5000,Highly Interested,"Reduced downtime, Lower costs"
Medium,Scheduled,48,17,0-1,5001-10000,Not Interested,"Reduced downtime, Sustainability gains, Lower costs"
Medium,Scheduled,1,16,2-4,5001-10000,Highly Interested,"Lower costs, Sustainability gains"
Small,Predictive,24,45,8+,1000-5000,Highly Interested,"Reduced downtime, Lower costs"
Small,Predictive,55,27,2-4,1000-5000,Highly Interested,"Better asset utilization, Regulatory compliance"
Large,Scheduled,2,12,2-4,1000-5000,Using,"Lower costs, Sustainability gains"
Small,Predictive,7,37,2-4,1000-5000,Not Interested,"Better asset utilization, Regulatory compliance"
Small,Scheduled,43,79,2-4,1000-5000,Highly Interested,"Better asset utilization, Regulatory compliance"
Medium,Scheduled,32,53,2-4,5001-10000,Highly Interested,"Reduced downtime, Lower costs"
Large,Scheduled,41,30,2-4,5001-10000,Highly Interested,"Better asset utilization, Regulatory compliance"
Small,Scheduled,51,37,2-4,1000-5000,Somewhat,"Lower costs, Sustainability gains"
Medium,Reactive,34,63,2-4,1000-5000,Highly Interested,"Better asset utilization, Regulatory compliance"
Medium,Predictive,5,63,2-4,1000-5000,Somewhat,"Reduced downtime, Sustainability gains, Lower costs"
Small,Predictive,38,74,0-1,1000-5000,Highly Interested,"Better asset utilization, Regulatory compliance"
Medium,Reactive,51,30,2-4,5001-10000,Highly Interested,"Reduced downtime, Lower costs"
Medium,Predictive,22,22,2-4,10001+,Highly Interested,"Lower costs, Sustainability gains"
Medium,Reactive,24,66,2-4,1000-5000,Highly Interested,"Reduced downtime, Lower costs"
Medium,Reactive,58,58,2-4,5001-10000,Using,"Reduced downtime, Sustainability gains, Lower costs"
Medium,Scheduled,49,63,2-4,5001-10000,Highly Interested,"Better asset utilization, Regulatory compliance"
Small,Reactive,42,19,5-7,5001-10000,Somewhat,"Reduced downtime, Lower costs"
Large,Predictive,18,62,2-4,1000-5000,Somewhat,"Reduced downtime, Lower costs"
Small,Predictive,4,53,5-7,10001+,Highly Interested,"Reduced downtime, Lower costs"
Small,Scheduled,50,56,8+,1000-5000,Highly Interested,"Reduced downtime, Lower costs"
Small,Reactive,10,62,2-4,1000-5000,Using,"Reduced downtime, Sustainability gains, Lower costs"
Medium,Reactive,55,55,0-1,<1000,Highly Interested,"Reduced downtime, Sustainability gains, Lower costs"
Medium,Scheduled,11,22,2-4,1000-5000,Somewhat,"Better asset utilization, Regulatory compliance"
Small,Predictive,9,46,5-7,1000-5000,Highly Interested,"Better asset utilization, Regulatory compliance"
Medium,Scheduled,7,33,2-4,1000-5000,Highly Interested,"Lower costs, Sustainability gains"
Small,Reactive,23,11,0-1,1000-5000,Somewhat,"Reduced downtime, Sustainability gains, Lower costs"
Medium,Scheduled,59,23,2-4,5001-10000,Somewhat,"Reduced downtime, Lower costs"
Small,Scheduled,27,19,5-7,5001-10000,Highly Interested,"Reduced downtime, Lower costs"
Medium,Scheduled,40,44,5-7,1000-5000,Highly Interested,"Lower costs, Sustainability gains"
Medium,Reactive,35,34,2-4,5001-10000,Highly Interested,"Reduced downtime, Lower costs"
Large,Scheduled,36,12,2-4,5001-10000,Using,"Lower costs, Sustainability gains"
Small,Scheduled,20,26,2-4,5001-10000,Not Interested,"Better asset utilization, Regulatory compliance"
Small,Predictive,7,21,2-4,1000-5000,Somewhat,"Reduced downtime, Sustainability gains, Lower costs"
Small,Reactive,54,63,5-7,5001-10000,Somewhat,"Lower costs, Sustainability gains"
Large,Scheduled,8,33,2-4,10001+,Using,"Reduced downtime, Lower costs"
Large,Predictive,46,38,2-4,5001-10000,Somewhat,"Lower costs, Sustainability gains"
Small,Reactive,14,52,0-1,1000-5000,Highly Interested,"Better asset utilization, Regulatory compliance"
Medium,Predictive,47,34,5-7,1000-5000,Highly Interested,"Reduced downtime, Lower costs"
Large,Scheduled,45,69,5-7,5001-10000,Highly Interested,"Better asset utilization, Regulatory compliance"
Medium,Reactive,39,74,2-4,1000-5000,Using,"Better asset utilization, Regulatory compliance"
Medium,Reactive,17,37,5-7,1000-5000,Somewhat,"Lower costs, Sustainability gains"
Small,Scheduled,41,25,2-4,1000-5000,Highly Interested,"Better asset utilization, Regulatory compliance"
Small,Reactive,59,56,2-4,5001-10000,Highly Interested,"Reduced downtime, Lower costs"
Large,Scheduled,19,67,2-4,5001-10000,Highly Interested,"Better asset utilization, Regulatory compliance"
Large,Reactive,5,36,0-1,1000-5000,Highly Interested,"Better asset utilization, Regulatory compliance"
Medium,Scheduled,11,62,2-4,10001+,Using,"Lower costs, Sustainability gains"
Small,Reactive,1,51,5-7,1000-5000,Highly Interested,"Better asset utilization, Regulatory compliance"
Small,Predictive,6,68,0-1,5001-10000,Somewhat,"Reduced downtime, Sustainability gains, Lower costs"
Medium,Predictive,15,56,2-4,5001-10000,Using,"Lower costs, Sustainability gains"
Large,Predictive,2,43,2-4,5001-10000,Using,"Lower costs, Sustainability gains"
Large,Scheduled,44,46,2-4,10001+,Highly Interested,"Reduced downtime, Lower costs"
Medium,Reactive,2,15,5-7,1000-5000,Somewhat,"Reduced downtime, Lower costs"
Medium,Scheduled,26,16,2-4,5001-10000,Highly Interested,"Reduced downtime, Lower costs"
Small,Reactive,49,34,2-4,1000-5000,Highly Interested,"Reduced downtime, Lower costs"
Small,Reactive,42,42,5-7,5001-10000,Highly Interested,"Reduced downtime, Sustainability gains, Lower costs"
Large,Reactive,39,64,2-4,5001-10000,Highly Interested,"Lower costs, Sustainability gains"
Medium,Scheduled,37,67,2-4,5001-10000,Using,"Better asset utilization, Regulatory compliance"
Small,Scheduled,32,16,2-4,1000-5000,Somewhat,"Reduced downtime, Lower costs"
Small,Scheduled,27,66,2-4,5001-10000,Highly Interested,"Reduced downtime, Lower costs"
Medium,Scheduled,0,21,8+,1000-5000,Highly Interested,"Reduced downtime, Lower costs"
Small,Reactive,54,25,5-7,<1000,Somewhat,"Better asset utilization, Regulatory compliance"
Small,Predictive,7,52,2-4,5001-10000,Highly Interested,"Reduced downtime, Lower costs"
Medium,Scheduled,36,16,5-7,1000-5000,Highly Interested,"Better asset utilization, Regulatory compliance"
Medium,Scheduled,31,60,2-4,5001-10000,Highly Interested,"Lower costs, Sustainability gains"
Medium,Reactive,59,41,0-1,1000-5000,Highly Interested,"Lower costs, Sustainability gains"
Small,Scheduled,47,17,2-4,1000-5000,Highly Interested,"Lower costs, Sustainability gains"
Medium,Scheduled,42,54,2-4,5001-10000,Highly Interested,"Reduced downtime, Sustainability gains, Lower costs"
Small,Reactive,36,68,2-4,1000-5000,Somewhat,"Better asset utilization, Regulatory compliance"
Small,Reactive,3,13,2-4,1000-5000,Not Interested,"Reduced downtime, Lower costs"
Medium,Scheduled,29,76,5-7,5001-10000,Highly Interested,"Reduced downtime, Lower costs"
Medium,Scheduled,5,38,2-4,1000-5000,Highly Interested,"Reduced downtime, Lower costs"
Large,Reactive,45,38,2-4,5001-10000,Using,"Reduced downtime, Lower costs"
Medium,Predictive,53,37,0-1,1000-5000,Somewhat,"Reduced downtime, Sustainability gains, Lower costs"
Medium,Reactive,18,53,0-1,5001-10000,Highly Interested,"Reduced downtime, Lower costs"
Small,Scheduled,31,13,2-4,5001-10000,Highly Interested,"Reduced downtime, Sustainability gains, Lower costs"
Medium,Predictive,8,18,2-4,5001-10000,Somewhat,"Better asset utilization, Regulatory compliance"
Small,Scheduled,11,14,5-7,1000-5000,Somewhat,"Lower costs, Sustainability gains"
Small,Scheduled,10,65,2-4,5001-10000,Somewhat,"Reduced downtime, Lower costs"
Large,Scheduled,45,59,0-1,5001-10000,Using,"Lower costs, Sustainability gains"
Medium,Reactive,54,24,2-4,5001-10000,Somewhat,"Better asset utilization, Regulatory compliance"
Large,Predictive,15,41,2-4,1000-5000,Somewhat,"Better asset utilization, Regulatory compliance"
Medium,Scheduled,0,37,0-1,5001-10000,Highly Interested,"Reduced downtime, Lower costs"
Medium,Predictive,44,31,2-4,5001-10000,Highly Interested,"Better asset utilization, Regulatory compliance"
Medium,Reactive,54,26,0-1,1000-5000,Highly Interested,"Lower costs, Sustainability gains"
Medium,Reactive,52,68,2-4,1000-5000,Not Interested,"Reduced downtime, Lower costs"
Medium,Reactive,20,66,2-4,5001-10000,Using,"Reduced downtime, Sustainability gains, Lower costs"
Small,Scheduled,29,35,2-4,<1000,Highly Interested,"Reduced downtime, Lower costs"
Medium,Scheduled,12,34,2-4,10001+,Highly Interested,"Lower costs, Sustainability gains"
Small,Predictive,33,19,5-7,5001-10000,Somewhat,"Reduced downtime, Lower costs"
Small,Scheduled,3,54,2-4,5001-10000,Highly Interested,"Reduced downtime, Lower costs"
Medium,Predictive,27,20,5-7,1000-5000,Highly Interested,"Lower costs, Sustainability gains"
Small,Reactive,37,62,0-1,1000-5000,Highly Interested,"Reduced downtime, Lower costs"
Large,Predictive,57,77,5-7,10001+,Not Interested,"Reduced downtime, Lower costs"
Large,Scheduled,30,37,2-4,1000-5000,Highly Interested,"Lower costs, Sustainability gains"
Large,Scheduled,58,74,2-4,5001-10000,Highly Interested,"Better asset utilization, Regulatory compliance"
Medium,Predictive,54,58,2-4,1000-5000,Somewhat,"Lower costs, Sustainability gains"
Small,Scheduled,26,56,5-7,1000-5000,Highly Interested,"Reduced downtime, Lower costs"
Large,Scheduled,4,61,2-4,<1000,Not Interested,"Reduced downtime, Sustainability gains, Lower costs"
Medium,Reactive,24,63,0-1,1000-5000,Highly Interested,"Reduced downtime, Sustainability gains, Lower costs"
Large,Reactive,2,69,0-1,10001+,Highly Interested,"Lower costs, Sustainability gains"
Large,Predictive,32,66,5-7,1000-5000,Highly Interested,"Reduced downtime, Sustainability gains, Lower costs"
Large,Scheduled,3,56,2-4,1000-5000,Highly Interested,"Reduced downtime, Lower costs"
Small,Scheduled,24,40,5-7,1000-5000,Somewhat,"Reduced downtime, Lower costs"
Medium,Scheduled,19,55,2-4,1000-5000,Highly Interested,"Lower costs, Sustainability gains"
Large,Reactive,33,35,2-4,1000-5000,Somewhat,"Reduced downtime, Lower costs"
Small,Reactive,25,14,0-1,5001-10000,Highly Interested,"Better asset utilization, Regulatory compliance"
Small,Scheduled,4,61,8+,1000-5000,Highly Interested,"Reduced downtime, Lower costs"
Medium,Scheduled,34,63,2-4,1000-5000,Highly Interested,"Lower costs, Sustainability gains"
Large,Reactive,27,42,5-7,1000-5000,Not Interested,"Better asset utilization, Regulatory compliance"
Medium,Scheduled,28,59,2-4,10001+,Highly Interested,"Better asset utilization, Regulatory compliance"
Medium,Reactive,8,47,2-4,1000-5000,Highly Interested,"Reduced downtime, Sustainability gains, Lower costs"
Small,Scheduled,51,36,2-4,<1000,Highly Interested,"Reduced downtime, Lower costs"
Medium,Reactive,37,24,2-4,5001-10000,Highly Interested,"Lower costs, Sustainability gains"
Large,Scheduled,49,70,5-7,1000-5000,Highly Interested,"Reduced downtime, Sustainability gains, Lower costs"
Small,Reactive,5,30,5-7,1000-5000,Not Interested,"Reduced downtime, Sustainability gains, Lower costs"
Medium,Scheduled,18,55,5-7,1000-5000,Highly Interested,"Reduced downtime, Lower costs"
Large,Reactive,59,78,2-4,5001-10000,Somewhat,"Reduced downtime, Lower costs"
Medium,Reactive,43,15,2-4,1000-5000,Using,"Lower costs, Sustainability gains"
Medium,Scheduled,56,47,2-4,5001-10000,Highly Interested,"Reduced downtime, Sustainability gains, Lower costs"
Medium,Scheduled,10,71,8+,5001-10000,Not Interested,"Lower costs, Sustainability gains"
Medium,Scheduled,1,71,0-1,1000-5000,Highly Interested,"Reduced downtime, Sustainability gains, Lower costs"
Small,Reactive,46,55,2-4,1000-5000,Not Interested,"Reduced downtime, Sustainability gains, Lower costs"
Large,Scheduled,43,22,2-4,1000-5000,Highly Interested,"Reduced downtime, Sustainability gains, Lower costs"
Large,Predictive,43,12,2-4,5001-10000,Not Interested,"Reduced downtime, Lower costs"
Large,Scheduled,8,15,8+,1000-5000,Highly Interested,"Reduced downtime, Sustainability gains, Lower costs"
Large,Reactive,20,17,2-4,1000-5000,Highly Interested,"Reduced downtime, Sustainability gains, Lower costs"
Medium,Scheduled,23,53,2-4,1000-5000,Highly Interested,"Reduced downtime, Sustainability gains, Lower costs"
Medium,Reactive,33,42,0-1,10001+,Highly Interested,"Better asset utilization, Regulatory compliance"
Medium,Reactive,21,59,2-4,1000-5000,Using,"Reduced downtime, Lower costs"
Medium,Predictive,2,20,2-4,10001+,Highly Interested,"Better asset utilization, Regulatory compliance"
Medium,Reactive,11,37,2-4,1000-5000,Using,"Reduced downtime, Lower costs"
Medium,Scheduled,27,79,5-7,<1000,Highly Interested,"Lower costs, Sustainability gains"
Large,Scheduled,29,50,5-7,1000-5000,Somewhat,"Better asset utilization, Regulatory compliance"
Small,Scheduled,25,25,2-4,1000-5000,Highly Interested,"Lower costs, Sustainability gains"
Medium,Scheduled,47,77,2-4,1000-5000,Highly Interested,"Reduced downtime, Sustainability gains, Lower costs"
Small,Reactive,20,57,5-7,<1000,Highly Interested,"Lower costs, Sustainability gains"
Medium,Reactive,27,65,0-1,10001+,Highly Interested,"Lower costs, Sustainability gains"
Small,Scheduled,55,73,0-1,5001-10000,Using,"Lower costs, Sustainability gains"
Medium,Reactive,25,68,2-4,5001-10000,Highly Interested,"Lower costs, Sustainability gains"
Medium,Scheduled,32,71,2-4,1000-5000,Not Interested,"Reduced downtime, Lower costs"
Small,Reactive,20,20,2-4,1000-5000,Somewhat,"Better asset utilization, Regulatory compliance"
Medium,Reactive,34,27,8+,<1000,Highly Interested,"Reduced downtime, Lower costs"
Small,Scheduled,51,28,2-4,5001-10000,Highly Interested,"Reduced downtime, Lower costs"
Small,Reactive,33,64,2-4,10001+,Highly Interested,"Reduced downtime, Lower costs"
Large,Scheduled,40,35,2-4,1000-5000,Highly Interested,"Lower costs, Sustainability gains"
Medium,Scheduled,50,15,2-4,1000-5000,Somewhat,"Reduced downtime, Lower costs"
Small,Predictive,46,13,2-4,1000-5000,Highly Interested,"Better asset utilization, Regulatory compliance"
Medium,Reactive,17,38,5-7,1000-5000,Highly Interested,"Reduced downtime, Lower costs"
Medium,Reactive,57,68,5-7,1000-5000,Using,"Reduced downtime, Sustainability gains, Lower costs"
Small,Reactive,10,26,2-4,5001-10000,Highly Interested,"Lower costs, Sustainability gains"
Medium,Scheduled,56,52,5-7,5001-10000,Somewhat,"Reduced downtime, Sustainability gains, Lower costs"
Small,Scheduled,22,75,5-7,1000-5000,Highly Interested,"Better asset utilization, Regulatory compliance"
Small,Reactive,47,43,5-7,<1000,Somewhat,"Better asset utilization, Regulatory compliance"
Medium,Predictive,21,17,0-1,10001+,Not Interested,"Better asset utilization, Regulatory compliance"
Medium,Reactive,16,22,0-1,1000-5000,Highly Interested,"Better asset utilization, Regulatory compliance"
Medium,Scheduled,4,17,2-4,<1000,Somewhat,"Reduced downtime, Lower costs"
Medium,Scheduled,43,74,2-4,1000-5000,Highly Interested,"Lower costs, Sustainability gains"
Large,Predictive,10,52,2-4,<1000,Not Interested,"Better asset utilization, Regulatory compliance"
Medium,Scheduled,29,48,2-4,1000-5000,Not Interested,"Reduced downtime, Sustainability gains, Lower costs"
Small,Predictive,14,68,5-7,5001-10000,Somewhat,"Better asset utilization, Regulatory compliance"
Medium,Reactive,26,53,5-7,1000-5000,Highly Interested,"Lower costs, Sustainability gains"
Small,Predictive,34,18,5-7,1000-5000,Somewhat,"Reduced downtime, Sustainability gains, Lower costs"
Medium,Reactive,32,46,2-4,5001-10000,Using,"Reduced downtime, Sustainability gains, Lower costs"
Small,Predictive,19,45,2-4,1000-5000,Somewhat,"Reduced downtime, Sustainability gains, Lower costs"
Small,Scheduled,15,37,2-4,5001-10000,Not Interested,"Reduced downtime, Lower costs"
Large,Predictive,33,51,2-4,5001-10000,Highly Interested,"Better asset utilization, Regulatory compliance"
Large,Scheduled,1,52,2-4,<1000,Highly Interested,"Reduced downtime, Lower costs"
Medium,Scheduled,34,51,2-4,5001-10000,Highly Interested,"Reduced downtime, Sustainability gains, Lower costs"
Medium,Scheduled,39,75,2-4,1000-5000,Highly Interested,"Reduced downtime, Lower costs"
Small,Scheduled,55,64,5-7,10001+,Highly Interested,"Reduced downtime, Lower costs"
Small,Reactive,27,57,0-1,1000-5000,Somewhat,"Reduced downtime, Lower costs"
Small,Reactive,46,31,2-4,10001+,Not Interested,"Better asset utilization, Regulatory compliance"
Medium,Reactive,38,36,2-4,5001-10000,Not Interested,"Reduced downtime, Sustainability gains, Lower costs"
Medium,Reactive,5,76,2-4,1000-5000,Highly Interested,"Reduced downtime, Sustainability gains, Lower costs"
Medium,Predictive,8,22,2-4,1000-5000,Somewhat,"Better asset utilization, Regulatory compliance"
Small,Reactive,19,54,2-4,10001+,Somewhat,"Reduced downtime, Lower costs"
Large,Predictive,59,19,2-4,5001-10000,Highly Interested,"Reduced downtime, Lower costs"
Medium,Reactive,0,18,2-4,<1000,Using,"Lower costs, Sustainability gains"
Medium,Reactive,7,63,2-4,5001-10000,Highly Interested,"Lower costs, Sustainability gains"
Medium,Scheduled,54,36,0-1,1000-5000,Not Interested,"Lower costs, Sustainability gains"
Medium,Scheduled,22,43,2-4,<1000,Highly Interested,"Better asset utilization, Regulatory compliance"
Small,Scheduled,2,10,5-7,1000-5000,Somewhat,"Reduced downtime, Sustainability gains, Lower costs"
Medium,Scheduled,3,41,2-4,1000-5000,Highly Interested,"Lower costs, Sustainability gains"
Medium,Scheduled,57,76,2-4,5001-10000,Somewhat,"Reduced downtime, Sustainability gains, Lower costs"
Small,Reactive,24,29,2-4,1000-5000,Using,"Reduced downtime, Sustainability gains, Lower costs"
Small,Predictive,46,44,5-7,5001-10000,Highly Interested,"Reduced downtime, Sustainability gains, Lower costs"
Small,Predictive,37,26,5-7,<1000,Highly Interested,"Better asset utilization, Regulatory compliance"
Small,Scheduled,14,27,2-4,1000-5000,Highly Interested,"Better asset utilization, Regulatory compliance"
Large,Reactive,20,54,2-4,1000-5000,Somewhat,"Better asset utilization, Regulatory compliance"
Medium,Scheduled,34,62,5-7,1000-5000,Highly Interested,"Better asset utilization, Regulatory compliance"
Medium,Reactive,56,77,2-4,<1000,Highly Interested,"Lower costs, Sustainability gains"
Small,Reactive,52,74,2-4,1000-5000,Highly Interested,"Reduced downtime, Lower costs"
Medium,Reactive,52,10,0-1,1000-5000,Highly Interested,"Reduced downtime, Lower costs"
Medium,Scheduled,45,67,5-7,1000-5000,Using,"Reduced downtime, Lower costs"
Small,Predictive,51,35,5-7,1000-5000,Using,"Lower costs, Sustainability gains"
Medium,Scheduled,13,29,0-1,1000-5000,Not Interested,"Reduced downtime, Lower costs"
Medium,Scheduled,35,19,2-4,5001-10000,Highly Interested,"Lower costs, Sustainability gains"
Medium,Scheduled,11,68,2-4,10001+,Somewhat,"Lower costs, Sustainability gains"
Medium,Reactive,16,50,0-1,1000-5000,Not Interested,"Lower costs, Sustainability gains"
Small,Scheduled,38,14,8+,1000-5000,Highly Interested,"Reduced downtime, Lower costs"
Medium,Predictive,8,74,2-4,1000-5000,Highly Interested,"Reduced downtime, Sustainability gains, Lower costs"
Medium,Reactive,34,26,0-1,10001+,Highly Interested,"Reduced downtime, Lower costs"
Medium,Predictive,59,31,2-4,<1000,Not Interested,"Reduced downtime, Lower costs"
Large,Scheduled,12,50,2-4,1000-5000,Not Interested,"Better asset utilization, Regulatory compliance"
Medium,Scheduled,14,77,0-1,1000-5000,Highly Interested,"Lower costs, Sustainability gains"
Small,Scheduled,17,78,2-4,1000-5000,Somewhat,"Reduced downtime, Sustainability gains, Lower costs"
Small,Scheduled,50,20,2-4,1000-5000,Highly Interested,"Better asset utilization, Regulatory compliance"
Medium,Predictive,32,65,0-1,5001-10000,Not Interested,"Reduced downtime, Sustainability gains, Lower costs"
Small,Predictive,5,60,2-4,1000-5000,Not Interested,"Reduced downtime, Sustainability gains, Lower costs"
Medium,Scheduled,58,30,2-4,5001-10000,Highly Interested,"Lower costs, Sustainability gains"
Large,Reactive,26,35,2-4,1000-5000,Highly Interested,"Reduced downtime, Lower costs"
Medium,Scheduled,22,28,5-7,<1000,Using,"Lower costs, Sustainability gains"
Medium,Predictive,58,69,5-7,10001+,Highly Interested,"Lower costs, Sustainability gains"
Medium,Reactive,26,56,8+,1000-5000,Somewhat,"Better asset utilization, Regulatory compliance"
Medium,Scheduled,33,35,2-4,5001-10000,Highly Interested,"Lower costs, Sustainability gains"
Medium,Scheduled,55,49,8+,1000-5000,Using,"Reduced downtime, Lower costs"
Large,Scheduled,45,14,2-4,<1000,Highly Interested,"Reduced downtime, Sustainability gains, Lower costs"
Medium,Reactive,37,30,2-4,10001+,Not Interested,"Lower costs, Sustainability gains"
Large,Scheduled,13,13,0-1,1000-5000,Highly Interested,"Reduced downtime, Sustainability gains, Lower costs"
Large,Predictive,35,32,0-1,5001-10000,Highly Interested,"Lower costs, Sustainability gains"
Small,Reactive,52,24,2-4,1000-5000,Highly Interested,"Reduced downtime, Sustainability gains, Lower costs"
Small,Reactive,7,17,2-4,5001-10000,Not Interested,"Lower costs, Sustainability gains"
Small,Predictive,34,50,2-4,<1000,Somewhat,"Better asset utilization, Regulatory compliance"
Small,Reactive,18,28,2-4,1000-5000,Highly Interested,"Reduced downtime, Sustainability gains, Lower costs"
Small,Predictive,29,55,2-4,5001-10000,Using,"Lower costs, Sustainability gains"
Medium,Scheduled,13,37,2-4,10001+,Using,"Lower costs, Sustainability gains"
Small,Reactive,58,77,2-4,10001+,Highly Interested,"Better asset utilization, Regulatory compliance"
Small,Predictive,19,24,5-7,5001-10000,Highly Interested,"Better asset utilization, Regulatory compliance"
Large,Scheduled,48,46,5-7,5001-10000,Not Interested,"Better asset utilization, Regulatory compliance"
Small,Scheduled,24,10,2-4,1000-5000,Highly Interested,"Reduced downtime, Sustainability gains, Lower costs"
Large,Scheduled,39,76,2-4,1000-5000,Somewhat,"Reduced downtime, Sustainability gains, Lower costs"
Small,Scheduled,23,33,2-4,1000-5000,Highly Interested,"Better asset utilization, Regulatory compliance"
Small,Reactive,13,36,5-7,1000-5000,Somewhat,"Reduced downtime, Lower costs"
Medium,Scheduled,25,49,2-4,1000-5000,Somewhat,"Reduced downtime, Lower costs"
Medium,Predictive,37,72,2-4,1000-5000,Highly Interested,"Lower costs, Sustainability gains"
Large,Reactive,22,70,0-1,1000-5000,Highly Interested,"Reduced downtime, Lower costs"
Medium,Scheduled,21,45,2-4,5001-10000,Highly Interested,"Lower costs, Sustainability gains"
Large,Reactive,47,33,2-4,1000-5000,Using,"Reduced downtime, Sustainability gains, Lower costs"
Small,Scheduled,56,33,5-7,1000-5000,Highly Interested,"Reduced downtime, Sustainability gains, Lower costs"
Small,Reactive,18,13,2-4,1000-5000,Highly Interested,"Reduced downtime, Lower costs"
Medium,Predictive,45,76,2-4,5001-10000,Not Interested,"Reduced downtime, Sustainability gains, Lower costs"
Large,Scheduled,50,43,5-7,5001-10000,Highly Interested,"Better asset utilization, Regulatory compliance"
Large,Reactive,2,66,5-7,5001-10000,Somewhat,"Better asset utilization, Regulatory compliance"
Medium,Reactive,41,58,2-4,1000-5000,Highly Interested,"Reduced downtime, Lower costs"
Medium,Reactive,18,62,2-4,1000-5000,Somewhat,"Reduced downtime, Lower costs"
Medium,Scheduled,8,32,2-4,<1000,Highly Interested,"Lower costs, Sustainability gains"
Small,Reactive,27,78,5-7,1000-5000,Somewhat,"Reduced downtime, Sustainability gains, Lower costs"
Large,Predictive,19,62,0-1,1000-5000,Highly Interested,"Lower costs, Sustainability gains"
Large,Scheduled,44,71,5-7,<1000,Highly Interested,"Lower costs, Sustainability gains"
Medium,Reactive,6,50,2-4,1000-5000,Highly Interested,"Better asset utilization, Regulatory compliance"
Medium,Scheduled,13,66,2-4,10001+,Highly Interested,"Better asset utilization, Regulatory compliance"
Medium,Scheduled,8,69,0-1,10001+,Highly Interested,"Better asset utilization, Regulatory compliance"
Small,Reactive,58,63,2-4,1000-5000,Using,"Better asset utilization, Regulatory compliance"
Large,Reactive,59,79,2-4,<1000,Using,"Lower costs, Sustainability gains"
Medium,Reactive,54,66,2-4,1000-5000,Somewhat,"Better asset utilization, Regulatory compliance"
Large,Scheduled,56,19,2-4,1000-5000,Highly Interested,"Reduced downtime, Sustainability gains, Lower costs"
Small,Scheduled,59,49,8+,10001+,Highly Interested,"Better asset utilization, Regulatory compliance"
Large,Scheduled,18,16,2-4,1000-5000,Somewhat,"Better asset utilization, Regulatory compliance"
Medium,Predictive,46,47,2-4,5001-10000,Highly Interested,"Better asset utilization, Regulatory compliance"
Small,Predictive,51,70,0-1,1000-5000,Highly Interested,"Reduced downtime, Lower costs"
Large,Scheduled,13,12,2-4,10001+,Highly Interested,"Reduced downtime, Sustainability gains, Lower costs"
Small,Predictive,55,60,0-1,1000-5000,Not Interested,"Reduced downtime, Sustainability gains, Lower costs"
Small,Reactive,37,56,2-4,5001-10000,Somewhat,"Lower costs, Sustainability gains"
Large,Reactive,52,77,5-7,1000-5000,Somewhat,"Lower costs, Sustainability gains"
Large,Reactive,35,47,2-4,5001-10000,Highly Interested,"Better asset utilization, Regulatory compliance"
Medium,Reactive,39,45,0-1,1000-5000,Somewhat,"Reduced downtime, Lower costs"
Medium,Scheduled,16,50,2-4,1000-5000,Highly Interested,"Lower costs, Sustainability gains"
Medium,Predictive,29,78,2-4,10001+,Using,"Lower costs, Sustainability gains"
Small,Reactive,8,22,2-4,10001+,Using,"Better asset utilization, Regulatory compliance"
Small,Reactive,32,67,5-7,5001-10000,Highly Interested,"Better asset utilization, Regulatory compliance"
Medium,Scheduled,55,59,5-7,5001-10000,Highly Interested,"Lower costs, Sustainability gains"
Medium,Predictive,51,39,2-4,5001-10000,Highly Interested,"Lower costs, Sustainability gains"
Medium,Reactive,24,71,2-4,<1000,Using,"Reduced downtime, Sustainability gains, Lower costs"
Medium,Scheduled,13,34,2-4,1000-5000,Highly Interested,"Reduced downtime, Lower costs"
Small,Reactive,10,36,0-1,1000-5000,Somewhat,"Reduced downtime, Sustainability gains, Lower costs"
Medium,Reactive,52,60,2-4,5001-10000,Highly Interested,"Lower costs, Sustainability gains"
Small,Predictive,34,66,2-4,1000-5000,Somewhat,"Reduced downtime, Sustainability gains, Lower costs"
Medium,Predictive,40,56,2-4,1000-5000,Highly Interested,"Reduced downtime, Sustainability gains, Lower costs"
Medium,Reactive,58,48,2-4,1000-5000,Somewhat,"Lower costs, Sustainability gains"
Large,Predictive,13,25,0-1,5001-10000,Highly Interested,"Better asset utilization, Regulatory compliance"
Medium,Scheduled,29,31,2-4,1000-5000,Highly Interested,"Lower costs, Sustainability gains"
Small,Predictive,40,63,2-4,1000-5000,Highly Interested,"Better asset utilization, Regulatory compliance"
Small,Scheduled,3,30,2-4,1000-5000,Highly Interested,"Lower costs, Sustainability gains"
Medium,Scheduled,58,25,5-7,1000-5000,Somewhat,"Lower costs, Sustainability gains"
Medium,Scheduled,3,68,0-1,1000-5000,Highly Interested,"Lower costs, Sustainability gains"
Small,Scheduled,27,40,2-4,5001-10000,Highly Interested,"Reduced downtime, Lower costs"
Small,Reactive,7,51,2-4,5001-10000,Somewhat,"Better asset utilization, Regulatory compliance"
Medium,Reactive,1,41,5-7,5001-10000,Highly Interested,"Reduced downtime, Lower costs"
Small,Reactive,40,68,2-4,1000-5000,Highly Interested,"Lower costs, Sustainability gains"
Large,Scheduled,45,43,2-4,5001-10000,Highly Interested,"Reduced downtime, Sustainability gains, Lower costs"
Medium,Reactive,21,18,2-4,1000-5000,Highly Interested,"Reduced downtime, Lower costs"
Small,Scheduled,40,20,2-4,1000-5000,Highly Interested,"Better asset utilization, Regulatory compliance"
Small,Predictive,55,19,8+,5001-10000,Highly Interested,"Lower costs, Sustainability gains"
Large,Reactive,54,26,2-4,1000-5000,Not Interested,"Reduced downtime, Lower costs"
Medium,Scheduled,15,77,5-7,1000-5000,Highly Interested,"Reduced downtime, Sustainability gains, Lower costs"
Medium,Scheduled,28,57,5-7,5001-10000,Highly Interested,"Reduced downtime, Lower costs"
Large,Predictive,48,61,5-7,1000-5000,Highly Interested,"Better asset utilization, Regulatory compliance"
Large,Reactive,47,34,2-4,5001-10000,Not Interested,"Reduced downtime, Lower costs"
Large,Scheduled,29,30,2-4,<1000,Somewhat,"Reduced downtime, Sustainability gains, Lower costs"
Medium,Predictive,11,74,2-4,5001-10000,Highly Interested,"Reduced downtime, Sustainability gains, Lower costs"
Medium,Predictive,34,72,5-7,1000-5000,Somewhat,"Better asset utilization, Regulatory compliance"
Small,Scheduled,10,60,2-4,<1000,Highly Interested,"Reduced downtime, Sustainability gains, Lower costs"
Medium,Scheduled,45,45,2-4,5001-10000,Highly Interested,"Lower costs, Sustainability gains"
Medium,Scheduled,49,75,2-4,1000-5000,Highly Interested,"Reduced downtime, Sustainability gains, Lower costs"
Medium,Predictive,20,24,2-4,1000-5000,Highly Interested,"Lower costs, Sustainability gains"
Large,Scheduled,20,48,5-7,<1000,Highly Interested,"Reduced downtime, Lower costs"
Small,Reactive,4,79,0-1,1000-5000,Not Interested,"Lower costs, Sustainability gains"
Medium,Predictive,47,10,5-7,1000-5000,Highly Interested,"Lower costs, Sustainability gains"
Small,Scheduled,19,32,2-4,<1000,Not Interested,"Reduced downtime, Lower costs"
Medium,Scheduled,36,48,5-7,10001+,Highly Interested,"Reduced downtime, Sustainability gains, Lower costs"
Small,Reactive,2,66,2-4,<1000,Highly Interested,"Lower costs, Sustainability gains"
Small,Scheduled,43,43,2-4,1000-5000,Highly Interested,"Reduced downtime, Sustainability gains, Lower costs"
Small,Scheduled,32,50,5-7,1000-5000,Highly Interested,"Reduced downtime, Lower costs"
Medium,Scheduled,52,22,2-4,1000-5000,Highly Interested,"Better asset utilization, Regulatory compliance"
Medium,Reactive,8,79,5-7,10001+,Using,"Reduced downtime, Sustainability gains, Lower costs"
Medium,Scheduled,8,15,2-4,1000-5000,Highly Interested,"Reduced downtime, Sustainability gains, Lower costs"
Large,Predictive,3,61,2-4,10001+,Highly Interested,"Better asset utilization, Regulatory compliance"
Medium,Reactive,34,12,2-4,1000-5000,Somewhat,"Better asset utilization, Regulatory compliance"
Small,Predictive,16,72,2-4,5001-10000,Highly Interested,"Reduced downtime, Lower costs"
Large,Scheduled,33,58,2-4,1000-5000,Highly Interested,"Reduced downtime, Sustainability gains, Lower costs"
Small,Predictive,23,56,0-1,5001-10000,Highly Interested,"Reduced downtime, Sustainability gains, Lower costs"
Large,Scheduled,31,64,2-4,1000-5000,Not Interested,"Reduced downtime, Lower costs"
Small,Scheduled,0,73,0-1,1000-5000,Somewhat,"Reduced downtime, Sustainability gains, Lower costs"
Large,Scheduled,7,74,8+,1000-5000,Highly Interested,"Lower costs, Sustainability gains"
Small,Predictive,44,76,8+,1000-5000,Highly Interested,"Lower costs, Sustainability gains"
Large,Scheduled,22,24,2-4,10001+,Using,"Lower costs, Sustainability gains"
Medium,Reactive,46,41,2-4,1000-5000,Not Interested,"Reduced downtime, Sustainability gains, Lower costs"
Large,Scheduled,39,77,2-4,1000-5000,Highly Interested,"Lower costs, Sustainability gains"
Small,Predictive,11,27,2-4,5001-10000,Highly Interested,"Lower costs, Sustainability gains"
Medium,Scheduled,53,52,5-7,1000-5000,Highly Interested,"Reduced downtime, Lower costs"
Large,Scheduled,11,44,5-7,10001+,Using,"Reduced downtime, Lower costs"
Medium,Scheduled,45,67,2-4,5001-10000,Not Interested,"Better asset utilization, Regulatory compliance"
Medium,Predictive,46,42,5-7,1000-5000,Highly Interested,"Better asset utilization, Regulatory compliance"
Medium,Reactive,14,23,2-4,5001-10000,Highly Interested,"Better asset utilization, Regulatory compliance"
Medium,Scheduled,40,43,8+,<1000,Highly Interested,"Better asset utilization, Regulatory compliance"
Medium,Reactive,18,70,0-1,1000-5000,Somewhat,"Reduced downtime, Lower costs"
Medium,Reactive,25,13,2-4,1000-5000,Somewhat,"Reduced downtime, Lower costs"
Large,Scheduled,51,68,2-4,1000-5000,Highly Interested,"Reduced downtime, Lower costs"
Small,Scheduled,28,38,2-4,5001-10000,Highly Interested,"Lower costs, Sustainability gains"
Small,Scheduled,21,15,0-1,10001+,Somewhat,"Lower costs, Sustainability gains"
Large,Scheduled,39,58,5-7,1000-5000,Using,"Better asset utilization, Regulatory compliance"
Large,Scheduled,20,49,2-4,1000-5000,Highly Interested,"Lower costs, Sustainability gains"
Medium,Reactive,50,74,2-4,10001+,Highly Interested,"Reduced downtime, Sustainability gains, Lower costs"
Medium,Scheduled,37,78,2-4,1000-5000,Not Interested,"Reduced downtime, Lower costs"
Small,Reactive,19,36,2-4,1000-5000,Highly Interested,"Better asset utilization, Regulatory compliance"
Small,Reactive,56,15,2-4,1000-5000,Somewhat,"Better asset utilization, Regulatory compliance"
Medium,Scheduled,28,22,2-4,10001+,Somewhat,"Reduced downtime, Sustainability gains, Lower costs"
Medium,Scheduled,50,73,2-4,1000-5000,Highly Interested,"Lower costs, Sustainability gains"
Medium,Scheduled,3,71,2-4,5001-10000,Highly Interested,"Better asset utilization, Regulatory compliance"
Small,Scheduled,54,28,2-4,5001-10000,Highly Interested,"Lower costs, Sustainability gains"
Large,Scheduled,6,52,5-7,1000-5000,Highly Interested,"Lower costs, Sustainability gains"
Large,Predictive,27,29,5-7,1000-5000,Highly Interested,"Reduced downtime, Sustainability gains, Lower costs"
Medium,Scheduled,27,77,0-1,5001-10000,Using,"Better asset utilization, Regulatory compliance"
Medium,Scheduled,3,53,2-4,1000-5000,Somewhat,"Lower costs, Sustainability gains"
Small,Reactive,21,32,0-1,5001-10000,Not Interested,"Lower costs, Sustainability gains"
Large,Reactive,11,11,0-1,10001+,Highly Interested,"Reduced downtime, Sustainability gains, Lower costs"
Medium,Scheduled,44,31,2-4,5001-10000,Highly Interested,"Reduced downtime, Sustainability gains, Lower costs"
Small,Scheduled,2,66,2-4,5001-10000,Using,"Lower costs, Sustainability gains"
Large,Scheduled,21,16,2-4,5001-10000,Somewhat,"Reduced downtime, Sustainability gains, Lower costs"
Large,Scheduled,43,65,2-4,5001-10000,Somewhat,"Lower costs, Sustainability gains"
Large,Scheduled,1,76,0-1,1000-5000,Highly Interested,"Better asset utilization, Regulatory compliance"
Medium,Scheduled,23,25,5-7,<1000,Highly Interested,"Reduced downtime, Lower costs"
Medium,Predictive,33,60,8+,1000-5000,Somewhat,"Reduced downtime, Sustainability gains, Lower costs"
Medium,Scheduled,26,21,0-1,5001-10000,Highly Interested,"Reduced downtime, Lower costs"
Large,Predictive,54,62,2-4,1000-5000,Using,"Lower costs, Sustainability gains"
Large,Reactive,40,14,5-7,5001-10000,Highly Interested,"Lower costs, Sustainability gains"
Small,Reactive,0,36,5-7,1000-5000,Highly Interested,"Lower costs, Sustainability gains"
Small,Reactive,7,21,2-4,5001-10000,Highly Interested,"Reduced downtime, Lower costs"
Medium,Scheduled,22,26,0-1,1000-5000,Somewhat,"Lower costs, Sustainability gains"
Large,Predictive,37,15,0-1,5001-10000,Somewhat,"Reduced downtime, Sustainability gains, Lower costs"
Large,Reactive,5,14,2-4,1000-5000,Highly Interested,"Better asset utilization, Regulatory compliance"
Small,Predictive,21,66,2-4,1000-5000,Not Interested,"Better asset utilization, Regulatory compliance"
Medium,Reactive,24,37,0-1,1000-5000,Highly Interested,"Reduced downtime, Sustainability gains, Lower costs"
Medium,Predictive,17,78,2-4,5001-10000,Somewhat,"Better asset utilization, Regulatory compliance"
Large,Scheduled,16,68,0-1,1000-5000,Highly Interested,"Reduced downtime, Lower costs"
Large,Reactive,11,42,5-7,1000-5000,Somewhat,"Lower costs, Sustainability gains"
Large,Scheduled,5,71,2-4,10001+,Not Interested,"Lower costs, Sustainability gains"
Medium,Reactive,25,59,0-1,5001-10000,Using,"Lower costs, Sustainability gains"
Medium,Reactive,26,28,2-4,10001+,Not Interested,"Reduced downtime, Lower costs"
Small,Reactive,7,78,2-4,1000-5000,Somewhat,"Reduced downtime, Lower costs"
Small,Predictive,18,75,8+,1000-5000,Somewhat,"Reduced downtime, Lower costs"
Large,Scheduled,59,56,2-4,5001-10000,Highly Interested,"Reduced downtime, Sustainability gains, Lower costs"
Large,Reactive,41,48,2-4,1000-5000,Somewhat,"Reduced downtime, Lower costs"
Large,Scheduled,0,77,2-4,5001-10000,Somewhat,"Better asset utilization, Regulatory compliance"
Large,Scheduled,56,42,2-4,1000-5000,Highly Interested,"Reduced downtime, Sustainability gains, Lower costs"
Medium,Reactive,28,22,5-7,1000-5000,Not Interested,"Reduced downtime, Sustainability gains, Lower costs"
Medium,Scheduled,44,63,2-4,1000-5000,Using,"Reduced downtime, Sustainability gains, Lower costs"
Large,Reactive,48,16,2-4,1000-5000,Highly Interested,"Reduced downtime, Lower costs"
Large,Reactive,34,23,0-1,<1000,Highly Interested,"Reduced downtime, Sustainability gains, Lower costs"
Small,Scheduled,39,28,2-4,<1000,Highly Interested,"Reduced downtime, Lower costs"
Medium,Reactive,13,63,5-7,10001+,Highly Interested,"Reduced downtime, Lower costs"
Small,Scheduled,34,29,5-7,1000-5000,Using,"Reduced downtime, Sustainability gains, Lower costs"
Large,Scheduled,47,38,2-4,5001-10000,Not Interested,"Lower costs, Sustainability gains"
Medium,Reactive,44,33,2-4,5001-10000,Using,"Lower costs, Sustainability gains"
Small,Scheduled,19,72,5-7,1000-5000,Highly Interested,"Reduced downtime, Sustainability gains, Lower costs"
Medium,Reactive,55,66,5-7,1000-5000,Using,"Lower costs, Sustainability gains"
Medium,Predictive,48,17,0-1,5001-10000,Highly Interested,"Better asset utilization, Regulatory compliance"
Medium,Scheduled,12,71,2-4,5001-10000,Not Interested,"Better asset utilization, Regulatory compliance"
Small,Predictive,37,38,2-4,5001-10000,Highly Interested,"Reduced downtime, Lower costs"
Medium,Scheduled,48,26,5-7,5001-10000,Somewhat,"Lower costs, Sustainability gains"
Medium,Reactive,45,75,0-1,10001+,Using,"Better asset utilization, Regulatory compliance"
Medium,Scheduled,48,15,2-4,1000-5000,Highly Interested,"Reduced downtime, Sustainability gains, Lower costs"
Medium,Predictive,7,67,5-7,1000-5000,Highly Interested,"Lower costs, Sustainability gains"
Large,Scheduled,42,78,0-1,5001-10000,Highly Interested,"Better asset utilization, Regulatory compliance"
Medium,Predictive,19,37,2-4,<1000,Using,"Better asset utilization, Regulatory compliance"
Medium,Predictive,59,71,2-4,5001-10000,Somewhat,"Reduced downtime, Sustainability gains, Lower costs"
Large,Reactive,32,50,2-4,1000-5000,Highly Interested,"Reduced downtime, Lower costs"
Medium,Reactive,25,78,2-4,1000-5000,Somewhat,"Reduced downtime, Sustainability gains, Lower costs"
Small,Scheduled,38,50,2-4,5001-10000,Highly Interested,"Reduced downtime, Lower costs"
Small,Scheduled,20,58,2-4,1000-5000,Highly Interested,"Better asset utilization, Regulatory compliance"
Medium,Predictive,52,58,2-4,1000-5000,Highly Interested,"Reduced downtime, Lower costs"
Medium,Predictive,48,12,5-7,1000-5000,Highly Interested,"Better asset utilization, Regulatory compliance"
Medium,Scheduled,41,19,5-7,5001-10000,Somewhat,"Better asset utilization, Regulatory compliance"
Small,Reactive,42,44,2-4,1000-5000,Highly Interested,"Lower costs, Sustainability gains"
Small,Scheduled,53,11,0-1,5001-10000,Highly Interested,"Reduced downtime, Lower costs"
Small,Reactive,40,33,2-4,<1000,Not Interested,"Reduced downtime, Lower costs"
Medium,Predictive,8,47,2-4,5001-10000,Highly Interested,"Reduced downtime, Lower costs"
Medium,Scheduled,23,31,2-4,5001-10000,Using,"Reduced downtime, Sustainability gains, Lower costs"
Medium,Scheduled,36,35,2-4,1000-5000,Highly Interested,"Lower costs, Sustainability gains"
Medium,Reactive,48,52,0-1,1000-5000,Highly Interested,"Lower costs, Sustainability gains"
Large,Scheduled,40,64,0-1,1000-5000,Somewhat,"Lower costs, Sustainability gains"
Small,Scheduled,16,48,2-4,5001-10000,Somewhat,"Reduced downtime, Sustainability gains, Lower costs"
Medium,Scheduled,23,38,2-4,1000-5000,Not Interested,"Reduced downtime, Lower costs"
Medium,Reactive,20,29,2-4,5001-10000,Highly Interested,"Reduced downtime, Lower costs"
Medium,Scheduled,50,50,2-4,1000-5000,Highly Interested,"Reduced downtime, Lower costs"
Medium,Predictive,58,63,2-4,1000-5000,Somewhat,"Lower costs, Sustainability gains"
Large,Reactive,38,29,5-7,<1000,Highly Interested,"Lower costs, Sustainability gains"
Large,Reactive,54,28,5-7,1000-5000,Highly Interested,"Better asset utilization, Regulatory compliance"
Small,Reactive,40,75,2-4,1000-5000,Highly Interested,"Reduced downtime, Sustainability gains, Lower costs"
Large,Scheduled,38,39,2-4,5001-10000,Using,"Reduced downtime, Sustainability gains, Lower costs"
Medium,Scheduled,12,62,2-4,5001-10000,Highly Interested,"Lower costs, Sustainability gains"
Small,Scheduled,10,43,2-4,1000-5000,Somewhat,"Better asset utilization, Regulatory compliance"
Medium,Reactive,45,31,2-4,10001+,Somewhat,"Reduced downtime, Lower costs"
Large,Scheduled,18,76,5-7,5001-10000,Using,"Lower costs, Sustainability gains"
Medium,Scheduled,10,15,2-4,10001+,Using,"Reduced downtime, Sustainability gains, Lower costs"
Small,Scheduled,12,36,5-7,1000-5000,Highly Interested,"Reduced downtime, Sustainability gains, Lower costs"
Medium,Predictive,45,19,2-4,1000-5000,Somewhat,"Reduced downtime, Sustainability gains, Lower costs"
Small,Reactive,44,57,2-4,<1000,Highly Interested,"Reduced downtime, Lower costs"
Small,Scheduled,0,79,2-4,5001-10000,Somewhat,"Reduced downtime, Sustainability gains, Lower costs"
Small,Scheduled,39,68,2-4,1000-5000,Using,"Reduced downtime, Lower costs"
Small,Scheduled,43,68,2-4,1000-5000,Highly Interested,"Reduced downtime, Lower costs"
Small,Scheduled,18,11,2-4,1000-5000,Highly Interested,"Reduced downtime, Lower costs"
Small,Scheduled,11,38,0-1,1000-5000,Somewhat,"Lower costs, Sustainability gains"
Medium,Predictive,7,77,8+,5001-10000,Highly Interested,"Reduced downtime, Lower costs"
Small,Reactive,7,74,2-4,1000-5000,Highly Interested,"Better asset utilization, Regulatory compliance"
Small,Reactive,52,35,8+,1000-5000,Highly Interested,"Reduced downtime, Sustainability gains, Lower costs"
Large,Scheduled,44,19,8+,5001-10000,Somewhat,"Lower costs, Sustainability gains"
Medium,Scheduled,11,62,5-7,10001+,Somewhat,"Reduced downtime, Sustainability gains, Lower costs"
Medium,Reactive,47,68,2-4,5001-10000,Highly Interested,"Reduced downtime, Lower costs"
Small,Reactive,32,31,2-4,10001+,Somewhat,"Lower costs, Sustainability gains"
Small,Reactive,44,60,5-7,5001-10000,Highly Interested,"Better asset utilization, Regulatory compliance"
Small,Predictive,25,57,2-4,1000-5000,Highly Interested,"Reduced downtime, Lower costs"
Small,Reactive,38,30,2-4,1000-5000,Highly Interested,"Reduced downtime, Sustainability gains, Lower costs"
Small,Reactive,27,31,2-4,5001-10000,Highly Interested,"Better asset utilization, Regulatory compliance"
Small,Reactive,57,39,2-4,5001-10000,Somewhat,"Reduced downtime, Lower costs"
Small,Scheduled,4,34,2-4,5001-10000,Somewhat,"Better asset utilization, Regulatory compliance"
Small,Reactive,7,37,2-4,1000-5000,Using,"Reduced downtime, Lower costs"
Medium,Scheduled,24,74,2-4,1000-5000,Highly Interested,"Lower costs, Sustainability gains"
Small,Reactive,26,54,5-7,1000-5000,Somewhat,"Reduced downtime, Lower costs"
Medium,Predictive,45,77,2-4,1000-5000,Not Interested,"Lower costs, Sustainability gains"
Medium,Reactive,22,16,5-7,1000-5000,Highly Interested,"Reduced downtime, Lower costs"
Medium,Scheduled,29,58,2-4,5001-10000,Not Interested,"Reduced downtime, Lower costs"
Small,Predictive,44,18,5-7,1000-5000,Highly Interested,"Reduced downtime, Sustainability gains, Lower costs"
Medium,Scheduled,46,45,2-4,<1000,Highly Interested,"Better asset utilization, Regulatory compliance"
Medium,Scheduled,22,10,5-7,1000-5000,Somewhat,"Better asset utilization, Regulatory compliance"
Small,Reactive,48,19,0-1,5001-10000,Highly Interested,"Better asset utilization, Regulatory compliance"
Large,Reactive,46,45,5-7,1000-5000,Highly Interested,"Reduced downtime, Lower costs"
Large,Scheduled,19,55,0-1,1000-5000,Highly Interested,"Reduced downtime, Lower costs"
Small,Predictive,17,41,5-7,1000-5000,Somewhat,"Reduced downtime, Lower costs"
Small,Scheduled,17,41,8+,1000-5000,Somewhat,"Lower costs, Sustainability gains"
Large,Scheduled,1,15,2-4,10001+,Highly Interested,"Lower costs, Sustainability gains"
Medium,Scheduled,3,57,2-4,10001+,Highly Interested,"Reduced downtime, Sustainability gains, Lower costs"
Small,Scheduled,29,47,5-7,1000-5000,Highly Interested,"Reduced downtime, Lower costs"
Small,Reactive,32,26,2-4,1000-5000,Highly Interested,"Better asset utilization, Regulatory compliance"
Medium,Scheduled,35,36,5-7,5001-10000,Highly Interested,"Better asset utilization, Regulatory compliance"
Medium,Predictive,17,63,0-1,<1000,Somewhat,"Reduced downtime, Sustainability gains, Lower costs"
Medium,Reactive,36,59,0-1,1000-5000,Highly Interested,"Better asset utilization, Regulatory compliance"
Medium,Scheduled,18,44,8+,1000-5000,Highly Interested,"Reduced downtime, Sustainability gains, Lower costs"
Medium,Reactive,46,34,2-4,10001+,Using,"Reduced downtime, Lower costs"
Medium,Scheduled,27,37,5-7,<1000,Highly Interested,"Better asset utilization, Regulatory compliance"
Small,Reactive,39,24,2-4,1000-5000,Not Interested,"Reduced downtime, Lower costs"
Small,Scheduled,19,13,2-4,5001-10000,Highly Interested,"Lower costs, Sustainability gains"
Medium,Scheduled,48,36,2-4,1000-5000,Highly Interested,"Better asset utilization, Regulatory compliance"
Large,Reactive,32,35,2-4,<1000,Highly Interested,"Lower costs, Sustainability gains"
Medium,Scheduled,11,28,2-4,10001+,Highly Interested,"Better asset utilization, Regulatory compliance"
Medium,Scheduled,57,26,2-4,1000-5000,Using,"Reduced downtime, Lower costs"
Small,Predictive,50,52,2-4,5001-10000,Highly Interested,"Reduced downtime, Sustainability gains, Lower costs"
Medium,Reactive,14,50,2-4,1000-5000,Highly Interested,"Reduced downtime, Lower costs"
Medium,Scheduled,40,51,5-7,1000-5000,Highly Interested,"Reduced downtime, Lower costs"
Small,Reactive,38,59,2-4,1000-5000,Highly Interested,"Reduced downtime, Lower costs"
Small,Predictive,1,49,2-4,<1000,Highly Interested,"Better asset utilization, Regulatory compliance"
Medium,Predictive,28,48,2-4,1000-5000,Not Interested,"Reduced downtime, Sustainability gains, Lower costs"
Small,Scheduled,40,32,2-4,5001-10000,Highly Interested,"Lower costs, Sustainability gains"
Small,Predictive,9,61,2-4,1000-5000,Highly Interested,"Reduced downtime, Lower costs"
Small,Scheduled,1,56,2-4,1000-5000,Highly Interested,"Better asset utilization, Regulatory compliance"
Small,Scheduled,50,72,0-1,1000-5000,Highly Interested,"Lower costs, Sustainability gains"
Small,Reactive,10,78,0-1,5001-10000,Somewhat,"Reduced downtime, Lower costs"
Large,Scheduled,12,52,2-4,<1000,Highly Interested,"Lower costs, Sustainability gains"
Medium,Reactive,9,57,5-7,1000-5000,Somewhat,"Reduced downtime, Lower costs"
Medium,Predictive,13,43,0-1,1000-5000,Using,"Lower costs, Sustainability gains"
Medium,Scheduled,17,49,2-4,<1000,Highly Interested,"Lower costs, Sustainability gains"
Medium,Scheduled,50,70,2-4,<1000,Somewhat,"Reduced downtime, Sustainability gains, Lower costs"
Small,Reactive,53,59,2-4,5001-10000,Highly Interested,"Reduced downtime, Sustainability gains, Lower costs"
Medium,Reactive,8,76,5-7,1000-5000,Highly Interested,"Reduced downtime, Lower costs"
Medium,Reactive,56,71,2-4,<1000,Highly Interested,"Better asset utilization, Regulatory compliance"
Medium,Scheduled,38,67,2-4,1000-5000,Somewhat,"Reduced downtime, Sustainability gains, Lower costs"
Medium,Reactive,27,42,0-1,5001-10000,Using,"Lower costs, Sustainability gains"
Small,Predictive,2,25,0-1,1000-5000,Somewhat,"Reduced downtime, Sustainability gains, Lower costs"
Small,Scheduled,19,57,2-4,1000-5000,Highly Interested,"Reduced downtime, Sustainability gains, Lower costs"
Medium,Reactive,5,19,0-1,<1000,Somewhat,"Reduced downtime, Lower costs"
Medium,Scheduled,26,47,2-4,1000-5000,Highly Interested,"Reduced downtime, Sustainability gains, Lower costs"
Medium,Scheduled,52,28,2-4,1000-5000,Somewhat,"Reduced downtime, Sustainability gains, Lower costs"
Medium,Scheduled,1,45,2-4,1000-5000,Highly Interested,"Lower costs, Sustainability gains"
Large,Scheduled,28,68,2-4,1000-5000,Not Interested,"Reduced downtime, Sustainability gains, Lower costs"
Medium,Predictive,37,72,2-4,1000-5000,Highly Interested,"Lower costs, Sustainability gains"
Small,Scheduled,2,55,2-4,1000-5000,Highly Interested,"Reduced downtime, Sustainability gains, Lower costs"
Small,Predictive,15,12,8+,1000-5000,Highly Interested,"Reduced downtime, Sustainability gains, Lower costs"
Small,Predictive,29,74,0-1,<1000,Using,"Better asset utilization, Regulatory compliance"
Small,Reactive,39,17,5-7,5001-10000,Highly Interested,"Reduced downtime, Sustainability gains, Lower costs"
Small,Predictive,1,60,2-4,10001+,Not Interested,"Lower costs, Sustainability gains"
Small,Reactive,16,15,2-4,10001+,Not Interested,"Lower costs, Sustainability gains"
Small,Predictive,40,48,2-4,5001-10000,Highly Interested,"Reduced downtime, Lower costs"
Small,Scheduled,11,69,0-1,5001-10000,Not Interested,"Reduced downtime, Lower costs"
Large,Predictive,34,37,0-1,5001-10000,Highly Interested,"Better asset utilization, Regulatory compliance"
Small,Predictive,42,63,2-4,1000-5000,Highly Interested,"Lower costs, Sustainability gains"
Medium,Predictive,0,46,2-4,5001-10000,Somewhat,"Lower costs, Sustainability gains"
Medium,Scheduled,54,18,5-7,1000-5000,Highly Interested,"Lower costs, Sustainability gains"
Large,Reactive,44,65,2-4,1000-5000,Not Interested,"Better asset utilization, Regulatory compliance"
Small,Reactive,14,68,0-1,5001-10000,Highly Interested,"Lower costs, Sustainability gains"
Medium,Scheduled,25,11,2-4,1000-5000,Highly Interested,"Reduced downtime, Lower costs"
Large,Reactive,36,70,2-4,1000-5000,Using,"Better asset utilization, Regulatory compliance"
Large,Scheduled,20,67,2-4,10001+,Using,"Reduced downtime, Lower costs"
Large,Reactive,48,69,2-4,<1000,Using,"Reduced downtime, Lower costs"
Small,Predictive,30,49,5-7,1000-5000,Not Interested,"Better asset utilization, Regulatory compliance"
Small,Scheduled,24,45,5-7,10001+,Somewhat,"Reduced downtime, Sustainability gains, Lower costs"
Medium,Predictive,22,46,2-4,5001-10000,Somewhat,"Reduced downtime, Sustainability gains, Lower costs"
Large,Reactive,23,27,2-4,1000-5000,Highly Interested,"Reduced downtime, Lower costs"
Medium,Predictive,56,72,5-7,1000-5000,Highly Interested,"Reduced downtime, Sustainability gains, Lower costs"
Medium,Predictive,37,31,2-4,1000-5000,Highly Interested,"Lower costs, Sustainability gains"
Small,Scheduled,27,20,0-1,5001-10000,Highly Interested,"Better asset utilization, Regulatory compliance"
Medium,Scheduled,20,67,2-4,1000-5000,Highly Interested,"Reduced downtime, Lower costs"
Small,Scheduled,53,66,2-4,1000-5000,Somewhat,"Lower costs, Sustainability gains"
Small,Reactive,42,13,2-4,<1000,Highly Interested,"Reduced downtime, Sustainability gains, Lower costs"
Medium,Scheduled,17,16,2-4,<1000,Using,"Lower costs, Sustainability gains"
Medium,Scheduled,35,70,2-4,10001+,Using,"Reduced downtime, Sustainability gains, Lower costs"
Small,Reactive,34,63,0-1,1000-5000,Using,"Reduced downtime, Lower costs"
Small,Scheduled,44,77,2-4,5001-10000,Highly Interested,"Lower costs, Sustainability gains"
Medium,Reactive,54,10,2-4,<1000,Not Interested,"Better asset utilization, Regulatory compliance"
Small,Reactive,8,64,2-4,5001-10000,Highly Interested,"Reduced downtime, Lower costs"
Medium,Reactive,52,12,2-4,10001+,Somewhat,"Lower costs, Sustainability gains"
Small,Predictive,37,47,2-4,1000-5000,Highly Interested,"Lower costs, Sustainability gains"
Medium,Scheduled,57,10,0-1,1000-5000,Highly Interested,"Reduced downtime, Sustainability gains, Lower costs"
Medium,Predictive,29,47,0-1,1000-5000,Using,"Reduced downtime, Lower costs"
Small,Scheduled,59,38,5-7,5001-10000,Somewhat,"Reduced downtime, Lower costs"
Small,Reactive,43,14,5-7,1000-5000,Somewhat,"Reduced downtime, Lower costs"
Small,Scheduled,33,30,2-4,5001-10000,Highly Interested,"Reduced downtime, Lower costs"
Small,Scheduled,31,76,0-1,5001-10000,Highly Interested,"Reduced downtime, Sustainability gains, Lower costs"
Large,Reactive,2,56,2-4,5001-10000,Highly Interested,"Better asset utilization, Regulatory compliance"
Small,Scheduled,2,44,2-4,5001-10000,Highly Interested,"Reduced downtime, Lower costs"
Large,Reactive,27,77,5-7,1000-5000,Not Interested,"Reduced downtime, Sustainability gains, Lower costs"
Small,Scheduled,43,78,0-1,1000-5000,Highly Interested,"Better asset utilization, Regulatory compliance"
Medium,Scheduled,14,10,0-1,1000-5000,Highly Interested,"Better asset utilization, Regulatory compliance"
Medium,Reactive,40,77,2-4,10001+,Using,"Reduced downtime, Sustainability gains, Lower costs"
Medium,Reactive,22,21,2-4,5001-10000,Using,"Reduced downtime, Lower costs"
Medium,Scheduled,39,69,2-4,5001-10000,Highly Interested,"Better asset utilization, Regulatory compliance"
Medium,Scheduled,10,36,0-1,1000-5000,Using,"Reduced downtime, Lower costs"
Small,Reactive,47,65,2-4,1000-5000,Somewhat,"Reduced downtime, Lower costs"
Large,Predictive,31,32,5-7,5001-10000,Somewhat,"Lower costs, Sustainability gains"
Large,Reactive,57,34,8+,1000-5000,Highly Interested,"Reduced downtime, Lower costs"
Large,Scheduled,58,30,2-4,1000-5000,Somewhat,"Lower costs, Sustainability gains"
Small,Predictive,56,70,2-4,5001-10000,Highly Interested,"Better asset utilization, Regulatory compliance"
Medium,Reactive,53,72,0-1,<1000,Highly Interested,"Reduced downtime, Sustainability gains, Lower costs"
Large,Reactive,35,61,2-4,1000-5000,Highly Interested,"Lower costs, Sustainability gains"
Small,Reactive,59,34,2-4,1000-5000,Highly Interested,"Reduced downtime, Sustainability gains, Lower costs"
Small,Reactive,32,64,2-4,1000-5000,Highly Interested,"Better asset utilization, Regulatory compliance"
Medium,Reactive,23,55,2-4,10001+,Highly Interested,"Reduced downtime, Lower costs"
Medium,Scheduled,38,41,2-4,1000-5000,Highly Interested,"Better asset utilization, Regulatory compliance"
Large,Reactive,33,64,0-1,1000-5000,Not Interested,"Reduced downtime, Sustainability gains, Lower costs"
Small,Scheduled,55,14,2-4,1000-5000,Using,"Better asset utilization, Regulatory compliance"
Medium,Predictive,27,45,0-1,5001-10000,Highly Interested,"Reduced downtime, Lower costs"
Small,Predictive,36,58,2-4,1000-5000,Using,"Better asset utilization, Regulatory compliance"
Small,Scheduled,6,67,8+,1000-5000,Highly Interested,"Reduced downtime, Lower costs"
Small,Reactive,3,48,2-4,<1000,Using,"Lower costs, Sustainability gains"
Large,Scheduled,36,70,2-4,<1000,Somewhat,"Reduced downtime, Sustainability gains, Lower costs"
Medium,Scheduled,55,18,5-7,1000-5000,Highly Interested,"Reduced downtime, Lower costs"
Medium,Scheduled,0,15,8+,5001-10000,Highly Interested,"Reduced downtime, Lower costs"
Medium,Reactive,0,44,2-4,5001-10000,Highly Interested,"Better asset utilization, Regulatory compliance"
Large,Predictive,46,48,5-7,<1000,Highly Interested,"Lower costs, Sustainability gains"
Medium,Scheduled,19,31,2-4,1000-5000,Highly Interested,"Reduced downtime, Lower costs"
Large,Reactive,18,50,2-4,10001+,Highly Interested,"Lower costs, Sustainability gains"
Medium,Scheduled,28,14,2-4,1000-5000,Highly Interested,"Lower costs, Sustainability gains"
Medium,Scheduled,9,51,2-4,5001-10000,Highly Interested,"Better asset utilization, Regulatory compliance"
Medium,Predictive,59,76,2-4,1000-5000,Using,"Reduced downtime, Lower costs"
Small,Scheduled,17,39,2-4,10001+,Not Interested,"Better asset utilization, Regulatory compliance"
Medium,Scheduled,27,66,0-1,5001-10000,Using,"Reduced downtime, Sustainability gains, Lower costs"
Medium,Reactive,34,38,2-4,10001+,Somewhat,"Reduced downtime, Sustainability gains, Lower costs"
Small,Scheduled,42,46,0-1,5001-10000,Somewhat,"Reduced downtime, Lower costs"
Large,Scheduled,46,22,2-4,1000-5000,Highly Interested,"Lower costs, Sustainability gains"
Medium,Reactive,30,41,2-4,10001+,Highly Interested,"Reduced downtime, Lower costs"
Medium,Reactive,26,55,2-4,1000-5000,Highly Interested,"Reduced downtime, Lower costs"
Large,Scheduled,10,32,5-7,1000-5000,Somewhat,"Reduced downtime, Sustainability gains, Lower costs"
Medium,Reactive,48,54,5-7,5001-10000,Highly Interested,"Reduced downtime, Sustainability gains, Lower costs"
Small,Scheduled,48,26,2-4,5001-10000,Somewhat,"Lower costs, Sustainability gains"
Large,Reactive,37,75,2-4,10001+,Not Interested,"Lower costs, Sustainability gains"
Medium,Reactive,4,15,2-4,1000-5000,Somewhat,"Reduced downtime, Lower costs"
Small,Reactive,7,27,2-4,5001-10000,Highly Interested,"Better asset utilization, Regulatory compliance"
Small,Predictive,33,31,0-1,5001-10000,Highly Interested,"Reduced downtime, Lower costs"
Medium,Predictive,47,42,2-4,<1000,Somewhat,"Lower costs, Sustainability gains"
Medium,Predictive,51,39,2-4,1000-5000,Highly Interested,"Better asset utilization, Regulatory compliance"
Medium,Scheduled,55,41,2-4,1000-5000,Using,"Reduced downtime, Sustainability gains, Lower costs"
Large,Reactive,11,51,5-7,1000-5000,Somewhat,"Lower costs, Sustainability gains"
Medium,Scheduled,37,19,2-4,10001+,Highly Interested,"Lower costs, Sustainability gains"
Small,Scheduled,0,45,0-1,5001-10000,Not Interested,"Better asset utilization, Regulatory compliance"
Small,Predictive,30,43,8+,5001-10000,Highly Interested,"Lower costs, Sustainability gains"
Small,Reactive,3,37,0-1,10001+,Using,"Lower costs, Sustainability gains"
Medium,Scheduled,48,20,2-4,1000-5000,Not Interested,"Lower costs, Sustainability gains"
Small,Reactive,44,48,2-4,5001-10000,Highly Interested,"Lower costs, Sustainability gains"
Medium,Reactive,49,56,2-4,1000-5000,Highly Interested,"Lower costs, Sustainability gains"
Medium,Scheduled,4,28,0-1,5001-10000,Highly Interested,"Lower costs, Sustainability gains"
Large,Scheduled,29,24,0-1,1000-5000,Using,"Lower costs, Sustainability gains"
Small,Scheduled,55,37,0-1,10001+,Highly Interested,"Lower costs, Sustainability gains"
Large,Scheduled,23,33,2-4,1000-5000,Highly Interested,"Reduced downtime, Sustainability gains, Lower costs"
Small,Scheduled,58,18,2-4,1000-5000,Highly Interested,"Lower costs, Sustainability gains"
Large,Scheduled,2,56,2-4,5001-10000,Highly Interested,"Reduced downtime, Sustainability gains, Lower costs"
Small,Predictive,10,42,2-4,1000-5000,Somewhat,"Reduced downtime, Sustainability gains, Lower costs"
Medium,Predictive,44,71,5-7,5001-10000,Somewhat,"Reduced downtime, Lower costs"
Medium,Scheduled,3,28,0-1,1000-5000,Highly Interested,"Reduced downtime, Lower costs"
Small,Reactive,25,76,2-4,5001-10000,Highly Interested,"Reduced downtime, Sustainability gains, Lower costs"
Small,Scheduled,26,49,2-4,1000-5000,Highly Interested,"Reduced downtime, Sustainability gains, Lower costs"
Medium,Scheduled,45,56,2-4,<1000,Highly Interested,"Lower costs, Sustainability gains"
Medium,Reactive,53,74,2-4,1000-5000,Somewhat,"Reduced downtime, Lower costs"
Medium,Predictive,42,38,2-4,1000-5000,Somewhat,"Better asset utilization, Regulatory compliance"
Medium,Reactive,26,59,5-7,1000-5000,Highly Interested,"Reduced downtime, Lower costs"
Medium,Predictive,41,22,5-7,1000-5000,Highly Interested,"Reduced downtime, Sustainability gains, Lower costs"
Small,Scheduled,50,10,2-4,1000-5000,Using,"Reduced downtime, Sustainability gains, Lower costs"
Small,Scheduled,49,43,2-4,<1000,Highly Interested,"Lower costs, Sustainability gains"
Small,Scheduled,5,57,2-4,1000-5000,Highly Interested,"Lower costs, Sustainability gains"
Large,Predictive,58,57,2-4,5001-10000,Not Interested,"Reduced downtime, Lower costs"
Medium,Scheduled,14,58,2-4,1000-5000,Somewhat,"Lower costs, Sustainability gains"
Medium,Scheduled,52,73,2-4,1000-5000,Highly Interested,"Better asset utilization, Regulatory compliance"
Medium,Reactive,29,70,2-4,5001-10000,Highly Interested,"Better asset utilization, Regulatory compliance"
Large,Scheduled,41,38,2-4,1000-5000,Not Interested,"Lower costs, Sustainability gains"
Small,Reactive,36,48,2-4,5001-10000,Highly Interested,"Better asset utilization, Regulatory compliance"
Medium,Scheduled,57,35,5-7,1000-5000,Highly Interested,"Better asset utilization, Regulatory compliance"
Medium,Scheduled,36,26,0-1,1000-5000,Highly Interested,"Reduced downtime, Lower costs"
Medium,Scheduled,41,22,2-4,<1000,Somewhat,"Better asset utilization, Regulatory compliance"
Small,Reactive,59,78,0-1,5001-10000,Highly Interested,"Reduced downtime, Sustainability gains, Lower costs"
Large,Reactive,36,35,5-7,5001-10000,Highly Interested,"Reduced downtime, Sustainability gains, Lower costs"
Large,Scheduled,34,58,2-4,<1000,Somewhat,"Reduced downtime, Lower costs"
Medium,Reactive,22,76,2-4,1000-5000,Somewhat,"Lower costs, Sustainability gains"
Medium,Reactive,5,16,2-4,10001+,Not Interested,"Reduced downtime, Lower costs"
Large,Reactive,3,67,2-4,1000-5000,Using,"Lower costs, Sustainability gains"
Medium,Predictive,17,58,5-7,1000-5000,Highly Interested,"Lower costs, Sustainability gains"
Small,Scheduled,59,62,2-4,10001+,Somewhat,"Lower costs, Sustainability gains"
Medium,Scheduled,8,74,2-4,5001-10000,Somewhat,"Lower costs, Sustainability gains"
Medium,Reactive,48,71,5-7,1000-5000,Highly Interested,"Lower costs, Sustainability gains"
Medium,Reactive,28,26,2-4,5001-10000,Highly Interested,"Reduced downtime, Lower costs"
Medium,Scheduled,12,52,0-1,5001-10000,Somewhat,"Lower costs, Sustainability gains"
Large,Scheduled,58,34,2-4,1000-5000,Somewhat,"Better asset utilization, Regulatory compliance"
Large,Reactive,46,12,8+,1000-5000,Using,"Better asset utilization, Regulatory compliance"
Medium,Reactive,51,38,2-4,1000-5000,Highly Interested,"Lower costs, Sustainability gains"
Small,Reactive,16,41,0-1,10001+,Highly Interested,"Better asset utilization, Regulatory compliance"
Large,Scheduled,44,35,2-4,5001-10000,Highly Interested,"Reduced downtime, Sustainability gains, Lower costs"
Large,Scheduled,31,25,2-4,<1000,Using,"Reduced downtime, Lower costs"
Small,Reactive,47,34,2-4,5001-10000,Highly Interested,"Reduced downtime, Lower costs"
Large,Reactive,21,63,2-4,1000-5000,Highly Interested,"Lower costs, Sustainability gains"
Large,Reactive,3,37,8+,<1000,Highly Interested,"Lower costs, Sustainability gains"
Medium,Predictive,4,65,2-4,1000-5000,Highly Interested,"Reduced downtime, Sustainability gains, Lower costs"
Medium,Reactive,36,74,2-4,1000-5000,Somewhat,"Lower costs, Sustainability gains"
Medium,Scheduled,40,50,2-4,5001-10000,Highly Interested,"Better asset utilization, Regulatory compliance"
Small,Scheduled,48,60,0-1,1000-5000,Highly Interested,"Reduced downtime, Sustainability gains, Lower costs"
Small,Scheduled,12,38,5-7,5001-10000,Somewhat,"Better asset utilization, Regulatory compliance"
Large,Reactive,33,28,2-4,1000-5000,Highly Interested,"Reduced downtime, Lower costs"
Small,Reactive,44,75,2-4,<1000,Not Interested,"Better asset utilization, Regulatory compliance"
Small,Scheduled,21,50,2-4,10001+,Somewhat,"Reduced downtime, Lower costs"
Medium,Scheduled,52,54,2-4,1000-5000,Highly Interested,"Better asset utilization, Regulatory compliance"
Medium,Scheduled,58,24,2-4,1000-5000,Not Interested,"Reduced downtime, Lower costs"
Large,Scheduled,22,12,0-1,1000-5000,Using,"Lower costs, Sustainability gains"
Small,Reactive,50,20,5-7,5001-10000,Highly Interested,"Better asset utilization, Regulatory compliance"
Small,Predictive,2,62,5-7,1000-5000,Highly Interested,"Reduced downtime, Lower costs"
Medium,Scheduled,41,55,2-4,1000-5000,Highly Interested,"Better asset utilization, Regulatory compliance"
Medium,Reactive,33,39,8+,1000-5000,Not Interested,"Reduced downtime, Sustainability gains, Lower costs"
Small,Predictive,31,66,2-4,1000-5000,Using,"Lower costs, Sustainability gains"
Medium,Scheduled,44,27,2-4,5001-10000,Highly Interested,"Reduced downtime, Lower costs"
Small,Scheduled,50,60,2-4,1000-5000,Highly Interested,"Reduced downtime, Sustainability gains, Lower costs"
Small,Scheduled,57,57,2-4,1000-5000,Highly Interested,"Better asset utilization, Regulatory compliance"
Medium,Predictive,48,75,2-4,1000-5000,Highly Interested,"Reduced downtime, Sustainability gains, Lower costs"
Medium,Scheduled,20,17,2-4,1000-5000,Highly Interested,"Better asset utilization, Regulatory compliance"
Large,Reactive,45,31,0-1,10001+,Somewhat,"Lower costs, Sustainability gains"
Medium,Reactive,43,15,2-4,1000-5000,Highly Interested,"Reduced downtime, Sustainability gains, Lower costs"
Medium,Predictive,20,66,2-4,10001+,Somewhat,"Lower costs, Sustainability gains"
Medium,Reactive,43,45,2-4,1000-5000,Highly Interested,"Reduced downtime, Lower costs"
Small,Scheduled,10,66,2-4,1000-5000,Somewhat,"Better asset utilization, Regulatory compliance"
Medium,Scheduled,38,58,0-1,5001-10000,Somewhat,"Better asset utilization, Regulatory compliance"
Small,Scheduled,3,54,2-4,1000-5000,Highly Interested,"Lower costs, Sustainability gains"
Large,Scheduled,50,75,2-4,5001-10000,Highly Interested,"Lower costs, Sustainability gains"
Small,Predictive,0,54,5-7,10001+,Somewhat,"Reduced downtime, Lower costs"
Medium,Reactive,27,29,2-4,<1000,Highly Interested,"Reduced downtime, Sustainability gains, Lower costs"
Small,Reactive,23,73,2-4,<1000,Not Interested,"Better asset utilization, Regulatory compliance"
Large,Reactive,34,76,5-7,5001-10000,Highly Interested,"Better asset utilization, Regulatory compliance"
Medium,Predictive,12,12,2-4,1000-5000,Highly Interested,"Reduced downtime, Lower costs"
Medium,Scheduled,46,63,0-1,1000-5000,Highly Interested,"Reduced downtime, Lower costs"
Small,Reactive,33,73,2-4,<1000,Not Interested,"Lower costs, Sustainability gains"
Medium,Predictive,10,49,5-7,<1000,Highly Interested,"Lower costs, Sustainability gains"
Small,Predictive,35,68,2-4,5001-10000,Somewhat,"Reduced downtime, Sustainability gains, Lower costs"
Large,Predictive,50,64,2-4,1000-5000,Somewhat,"Reduced downtime, Lower costs"
Small,Predictive,16,71,0-1,1000-5000,Highly Interested,"Reduced downtime, Sustainability gains, Lower costs"
Small,Reactive,34,13,2-4,5001-10000,Using,"Reduced downtime, Lower costs"
Small,Scheduled,59,69,2-4,1000-5000,Somewhat,"Better asset utilization, Regulatory compliance"
Medium,Scheduled,17,39,2-4,<1000,Highly Interested,"Reduced downtime, Lower costs"
Medium,Predictive,39,11,0-1,5001-10000,Somewhat,"Reduced downtime, Lower costs"
Small,Scheduled,21,71,5-7,<1000,Highly Interested,"Better asset utilization, Regulatory compliance"
Medium,Scheduled,56,58,5-7,5001-10000,Highly Interested,"Reduced downtime, Lower costs"
Medium,Scheduled,23,18,2-4,5001-10000,Somewhat,"Reduced downtime, Sustainability gains, Lower costs"
Medium,Reactive,57,40,5-7,1000-5000,Highly Interested,"Lower costs, Sustainability gains"
Medium,Scheduled,18,70,0-1,1000-5000,Highly Interested,"Lower costs, Sustainability gains"
Medium,Predictive,36,57,2-4,1000-5000,Highly Interested,"Reduced downtime, Sustainability gains, Lower costs"
Medium,Predictive,38,34,2-4,1000-5000,Highly Interested,"Better asset utilization, Regulatory compliance"
Small,Reactive,20,45,5-7,5001-10000,Highly Interested,"Reduced downtime, Lower costs"
Small,Reactive,7,17,5-7,5001-10000,Somewhat,"Reduced downtime, Sustainability gains, Lower costs"
Large,Reactive,27,67,2-4,1000-5000,Highly Interested,"Lower costs, Sustainability gains"
Large,Scheduled,4,54,5-7,5001-10000,Highly Interested,"Lower costs, Sustainability gains"
Medium,Predictive,16,71,0-1,10001+,Highly Interested,"Reduced downtime, Sustainability gains, Lower costs"
Small,Reactive,36,48,5-7,10001+,Highly Interested,"Lower costs, Sustainability gains"
Medium,Scheduled,35,67,8+,1000-5000,Highly Interested,"Reduced downtime, Sustainability gains, Lower costs"
Medium,Predictive,53,73,2-4,1000-5000,Not Interested,"Lower costs, Sustainability gains"
Small,Scheduled,18,53,2-4,1000-5000,Somewhat,"Reduced downtime, Sustainability gains, Lower costs"
Small,Scheduled,26,38,0-1,10001+,Highly Interested,"Reduced downtime, Lower costs"
Medium,Scheduled,52,68,2-4,1000-5000,Highly Interested,"Reduced downtime, Lower costs"
Medium,Scheduled,33,18,2-4,1000-5000,Using,"Reduced downtime, Lower costs"
Small,Reactive,10,15,2-4,1000-5000,Highly Interested,"Reduced downtime, Lower costs"
Small,Scheduled,53,38,5-7,1000-5000,Highly Interested,"Lower costs, Sustainability gains"
Small,Scheduled,44,67,2-4,1000-5000,Highly Interested,"Better asset utilization, Regulatory compliance"
Medium,Predictive,46,26,2-4,10001+,Highly Interested,"Reduced downtime, Sustainability gains, Lower costs"
Small,Scheduled,11,25,5-7,<1000,Using,"Better asset utilization, Regulatory compliance"
Small,Scheduled,53,12,8+,1000-5000,Highly Interested,"Lower costs, Sustainability gains"
Medium,Reactive,20,30,0-1,<1000,Not Interested,"Lower costs, Sustainability gains"
Small,Scheduled,53,73,8+,1000-5000,Highly Interested,"Better asset utilization, Regulatory compliance"
Medium,Reactive,10,45,0-1,1000-5000,Highly Interested,"Better asset utilization, Regulatory compliance"
Small,Reactive,38,71,5-7,1000-5000,Using,"Lower costs, Sustainability gains"
Small,Scheduled,27,51,2-4,1000-5000,Using,"Lower costs, Sustainability gains"
Small,Predictive,4,51,0-1,1000-5000,Somewhat,"Reduced downtime, Sustainability gains, Lower costs"
Medium,Reactive,16,70,2-4,<1000,Highly Interested,"Reduced downtime, Lower costs"
Large,Scheduled,55,22,2-4,1000-5000,Highly Interested,"Reduced downtime, Lower costs"
Large,Predictive,19,20,2-4,10001+,Highly Interested,"Reduced downtime, Sustainability gains, Lower costs"
Medium,Reactive,40,63,0-1,10001+,Somewhat,"Better asset utilization, Regulatory compliance"
Medium,Scheduled,45,25,2-4,1000-5000,Highly Interested,"Lower costs, Sustainability gains"
Small,Scheduled,57,17,5-7,1000-5000,Highly Interested,"Better asset utilization, Regulatory compliance"
Small,Scheduled,11,68,2-4,10001+,Highly Interested,"Reduced downtime, Lower costs"
Large,Reactive,5,66,2-4,<1000,Highly Interested,"Reduced downtime, Lower costs"
Small,Scheduled,16,49,2-4,5001-10000,Highly Interested,"Better asset utilization, Regulatory compliance"
Small,Scheduled,50,68,0-1,10001+,Highly Interested,"Reduced downtime, Lower costs"
Small,Scheduled,18,11,5-7,<1000,Highly Interested,"Lower costs, Sustainability gains"
Small,Reactive,25,19,5-7,1000-5000,Somewhat,"Reduced downtime, Sustainability gains, Lower costs"
Small,Scheduled,47,53,2-4,10001+,Highly Interested,"Better asset utilization, Regulatory compliance"
Medium,Reactive,43,20,2-4,1000-5000,Using,"Lower costs, Sustainability gains"
Medium,Scheduled,43,11,5-7,<1000,Highly Interested,"Lower costs, Sustainability gains"
Large,Reactive,51,59,2-4,1000-5000,Not Interested,"Reduced downtime, Lower costs"
Large,Predictive,31,21,5-7,1000-5000,Highly Interested,"Lower costs, Sustainability gains"
Small,Scheduled,5,32,2-4,5001-10000,Somewhat,"Better asset utilization, Regulatory compliance"
Small,Reactive,54,27,5-7,5001-10000,Using,"Lower costs, Sustainability gains"
Medium,Reactive,57,71,2-4,10001+,Highly Interested,"Reduced downtime, Sustainability gains, Lower costs"
Medium,Reactive,35,71,2-4,1000-5000,Using,"Lower costs, Sustainability gains"
Small,Predictive,37,47,8+,1000-5000,Highly Interested,"Lower costs, Sustainability gains"
Medium,Predictive,10,76,2-4,1000-5000,Not Interested,"Reduced downtime, Sustainability gains, Lower costs"
Medium,Scheduled,32,47,2-4,1000-5000,Not Interested,"Lower costs, Sustainability gains"
Medium,Scheduled,23,76,2-4,1000-5000,Highly Interested,"Lower costs, Sustainability gains"
Medium,Scheduled,22,70,2-4,10001+,Highly Interested,"Reduced downtime, Lower costs"
Small,Predictive,14,10,2-4,5001-10000,Not Interested,"Better asset utilization, Regulatory compliance"
Large,Scheduled,26,54,2-4,1000-5000,Highly Interested,"Reduced downtime, Lower costs"
Medium,Scheduled,10,37,0-1,5001-10000,Using,"Better asset utilization, Regulatory compliance"
Small,Scheduled,56,30,2-4,1000-5000,Highly Interested,"Reduced downtime, Sustainability gains, Lower costs"
Large,Scheduled,50,22,5-7,1000-5000,Highly Interested,"Reduced downtime, Sustainability gains, Lower costs"
Medium,Reactive,49,36,2-4,5001-10000,Highly Interested,"Reduced downtime, Sustainability gains, Lower costs"
Large,Scheduled,16,16,2-4,1000-5000,Highly Interested,"Better asset utilization, Regulatory compliance"
Medium,Scheduled,50,31,2-4,10001+,Highly Interested,"Better asset utilization, Regulatory compliance"
Medium,Scheduled,52,62,0-1,5001-10000,Highly Interested,"Better asset utilization, Regulatory compliance"
Small,Reactive,13,13,2-4,1000-5000,Highly Interested,"Reduced downtime, Sustainability gains, Lower costs"
Small,Scheduled,26,32,2-4,5001-10000,Highly Interested,"Better asset utilization, Regulatory compliance"
Medium,Scheduled,17,79,2-4,1000-5000,Somewhat,"Lower costs, Sustainability gains"
Medium,Scheduled,27,42,2-4,1000-5000,Highly Interested,"Reduced downtime, Lower costs"
Small,Reactive,50,37,2-4,1000-5000,Highly Interested,"Reduced downtime, Sustainability gains, Lower costs"
Small,Scheduled,46,17,0-1,1000-5000,Not Interested,"Reduced downtime, Lower costs"
Large,Scheduled,46,10,2-4,5001-10000,Not Interested,"Lower costs, Sustainability gains"
Large,Scheduled,3,46,2-4,1000-5000,Highly Interested,"Better asset utilization, Regulatory compliance"
Medium,Scheduled,6,72,2-4,5001-10000,Using,"Reduced downtime, Lower costs"
Small,Scheduled,44,31,2-4,1000-5000,Somewhat,"Lower costs, Sustainability gains"
Small,Predictive,34,79,5-7,1000-5000,Somewhat,"Lower costs, Sustainability gains"
Small,Reactive,47,30,0-1,5001-10000,Not Interested,"Reduced downtime, Lower costs"
Large,Predictive,8,44,2-4,1000-5000,Somewhat,"Reduced downtime, Sustainability gains, Lower costs"
Small,Scheduled,7,14,0-1,1000-5000,Highly Interested,"Reduced downtime, Lower costs"
Medium,Reactive,51,69,0-1,1000-5000,Highly Interested,"Reduced downtime, Sustainability gains, Lower costs"
Small,Reactive,44,55,2-4,1000-5000,Using,"Better asset utilization, Regulatory compliance"
Medium,Reactive,16,59,2-4,<1000,Highly Interested,"Reduced downtime, Sustainability gains, Lower costs"
Medium,Scheduled,16,57,5-7,5001-10000,Highly Interested,"Better asset utilization, Regulatory compliance"
Large,Scheduled,48,15,2-4,1000-5000,Highly Interested,"Reduced downtime, Lower costs"
Small,Scheduled,32,65,8+,1000-5000,Highly Interested,"Better asset utilization, Regulatory compliance"
Small,Scheduled,31,68,0-1,10001+,Somewhat,"Lower costs, Sustainability gains"
Small,Scheduled,7,38,0-1,1000-5000,Highly Interested,"Better asset utilization, Regulatory compliance"
Large,Reactive,18,27,0-1,5001-10000,Highly Interested,"Reduced downtime, Sustainability gains, Lower costs"
Large,Reactive,37,11,2-4,1000-5000,Using,"Reduced downtime, Sustainability gains, Lower costs"
Medium,Scheduled,2,17,2-4,1000-5000,Highly Interested,"Reduced downtime, Sustainability gains, Lower costs"
Medium,Reactive,58,63,2-4,5001-10000,Somewhat,"Better asset utilization, Regulatory compliance"
Medium,Reactive,4,47,0-1,1000-5000,Somewhat,"Reduced downtime, Sustainability gains, Lower costs"
Small,Scheduled,12,57,5-7,5001-10000,Not Interested,"Reduced downtime, Sustainability gains, Lower costs"
Large,Scheduled,46,36,5-7,1000-5000,Highly Interested,"Lower costs, Sustainability gains"
Medium,Predictive,45,29,2-4,<1000,Highly Interested,"Better asset utilization, Regulatory compliance"
Medium,Predictive,30,21,0-1,1000-5000,Highly Interested,"Lower costs, Sustainability gains"
Medium,Scheduled,54,52,2-4,1000-5000,Highly Interested,"Reduced downtime, Sustainability gains, Lower costs"
Small,Scheduled,15,70,0-1,5001-10000,Somewhat,"Reduced downtime, Sustainability gains, Lower costs"
Small,Scheduled,49,40,0-1,1000-5000,Somewhat,"Reduced downtime, Sustainability gains, Lower costs"
Medium,Scheduled,31,70,2-4,10001+,Somewhat,"Better asset utilization, Regulatory compliance"
Small,Reactive,21,76,2-4,10001+,Highly Interested,"Reduced downtime, Lower costs"
Medium,Scheduled,28,44,2-4,1000-5000,Somewhat,"Reduced downtime, Sustainability gains, Lower costs"
Small,Predictive,21,24,8+,1000-5000,Using,"Reduced downtime, Sustainability gains, Lower costs"
Medium,Scheduled,42,25,2-4,5001-10000,Somewhat,"Reduced downtime, Sustainability gains, Lower costs"
Small,Scheduled,2,22,5-7,10001+,Highly Interested,"Reduced downtime, Sustainability gains, Lower costs"
Medium,Scheduled,53,44,0-1,1000-5000,Highly Interested,"Better asset utilization, Regulatory compliance"
Medium,Reactive,9,68,2-4,1000-5000,Highly Interested,"Reduced downtime, Lower costs"
Small,Scheduled,41,30,2-4,1000-5000,Not Interested,"Reduced downtime, Lower costs"
Medium,Reactive,20,63,0-1,5001-10000,Using,"Reduced downtime, Lower costs"
Medium,Reactive,15,39,0-1,1000-5000,Highly Interested,"Reduced downtime, Sustainability gains, Lower costs"
Medium,Reactive,11,57,2-4,5001-10000,Somewhat,"Reduced downtime, Sustainability gains, Lower costs"
Large,Predictive,1,44,2-4,<1000,Highly Interested,"Reduced downtime, Lower costs"
Medium,Reactive,40,47,2-4,<1000,Highly Interested,"Reduced downtime, Lower costs"
Small,Scheduled,23,40,2-4,1000-5000,Highly Interested,"Reduced downtime, Sustainability gains, Lower costs"
Small,Reactive,34,33,2-4,1000-5000,Highly Interested,"Reduced downtime, Sustainability gains, Lower costs"
Small,Predictive,55,58,0-1,1000-5000,Not Interested,"Lower costs, Sustainability gains"
Medium,Reactive,29,41,2-4,1000-5000,Somewhat,"Lower costs, Sustainability gains"
Small,Scheduled,56,64,2-4,1000-5000,Highly Interested,"Lower costs, Sustainability gains"
Medium,Predictive,29,67,0-1,1000-5000,Not Interested,"Reduced downtime, Lower costs"
Medium,Predictive,46,12,8+,1000-5000,Highly Interested,"Better asset utilization, Regulatory compliance"
Small,Reactive,34,78,2-4,10001+,Using,"Reduced downtime, Sustainability gains, Lower costs"
Medium,Predictive,18,19,2-4,1000-5000,Highly Interested,"Lower costs, Sustainability gains"
Small,Scheduled,49,34,2-4,1000-5000,Highly Interested,"Better asset utilization, Regulatory compliance"
Small,Scheduled,7,77,2-4,1000-5000,Highly Interested,"Reduced downtime, Sustainability gains, Lower costs"
Medium,Reactive,25,70,2-4,10001+,Not Interested,"Better asset utilization, Regulatory compliance"
Medium,Reactive,48,38,0-1,1000-5000,Somewhat,"Reduced downtime, Lower costs"
Medium,Scheduled,39,28,2-4,5001-10000,Highly Interested,"Reduced downtime, Lower costs"
Medium,Scheduled,6,52,5-7,5001-10000,Highly Interested,"Reduced downtime, Lower costs"
Small,Scheduled,29,75,2-4,5001-10000,Somewhat,"Lower costs, Sustainability gains"
Large,Scheduled,6,70,2-4,<1000,Not Interested,"Reduced downtime, Sustainability gains, Lower costs"
Medium,Scheduled,2,52,2-4,5001-10000,Somewhat,"Reduced downtime, Lower costs"
Medium,Reactive,0,34,5-7,<1000,Highly Interested,"Lower costs, Sustainability gains"
Small,Scheduled,35,29,0-1,1000-5000,Somewhat,"Lower costs, Sustainability gains"
Medium,Reactive,24,57,2-4,5001-10000,Highly Interested,"Lower costs, Sustainability gains"
Medium,Scheduled,36,33,2-4,1000-5000,Highly Interested,"Lower costs, Sustainability gains"
Small,Scheduled,0,20,5-7,5001-10000,Using,"Reduced downtime, Lower costs"
Large,Predictive,14,64,8+,<1000,Highly Interested,"Lower costs, Sustainability gains"
Small,Reactive,36,37,2-4,5001-10000,Highly Interested,"Reduced downtime, Lower costs"
Large,Reactive,12,78,5-7,1000-5000,Highly Interested,"Reduced downtime, Lower costs"
Medium,Reactive,39,72,5-7,1000-5000,Using,"Lower costs, Sustainability gains"
